library_name,folder_path,ref_type,ref_name,ref_id,href
TVSM_Library,CAMERA_LIBRARY,Standard.Sequence,Golden_Data_Capture,{B379088E-7D7D-4ED4-8BD4-CB17BF83C5D5},TVSM_Library@adlx\Golden_Data_Capture.blkx
TVSM_Library,CAMERA_LIBRARY,MainLibrary.Exec,CAMERA_SETTING,{417C2C29-510F-402C-BEA6-ED07495AC68B},TVSM_Library@adlx\CAMERA_SETTING.blkx
TVSM_Library,CAMERA_LIBRARY,MainLibrary.Exec,IMAGE_CAPTURE,{44EAF292-766D-45D4-9B0B-DA8027C5356B},TVSM_Library@adlx\IMAGE_CAPTURE.blkx
TVSM_Library,CAMERA_LIBRARY,MainLibrary.Exec,VERIFY_PATTERN,{36BC57C3-AE65-4B81-8D8B-C84E3D3EB1DC},TVSM_Library@adlx\VERIFY_PATTERN.blkx
TVSM_Library,CAMERA_LIBRARY,MainLibrary.Serial,CHECK_ANIMATION_THROUGH_CAMERA,{29617513-F835-416B-966A-ACA3EA2A1034},TVSM_Library@adlx\CHECK_ANIMATION_THROUGH_CAMERA.blkx
TVSM_Library,CAMERA_LIBRARY,MainLibrary.Serial,CHECK_CLUSTER_THROUGH_CAMERA_PATTERN,{AB1F8C91-7A4D-4B81-B15B-BEFAB3EE37C8},TVSM_Library@adlx\CHECK_CLUSTER_THROUGH_CAMERA_PATTERN.blkx
TVSM_Library,PRECONDITIONS,MainLibrary.Serial,Preconditions_Fuel,{1EAE28DF-82AB-438B-B8AB-15EFCA1ED369},TVSM_Library@adlx\Preconditions_Fuel.blkx
TVSM_Library,PRECONDITIONS,MainLibrary.Serial,SET_CHECK_KILL_SWITCH_ON,{326A2D92-59EC-4E9B-9F06-4457B825DB39},TVSM_Library@adlx\SET_CHECK_KILL_SWITCH_ON.blkx
TVSM_Library,PRECONDITIONS,MainLibrary.Serial,SET_CHECK_TRACTION_CONTROL_ON,{9B9AC7BC-7E29-41AA-A1DA-696750A75E8C},TVSM_Library@adlx\SET_CHECK_TRACTION_CONTROL_ON.blkx
TVSM_Library,PRECONDITIONS,MainLibrary.Serial,SET_CHECK_TRACTION_CONTROL_OFF,{FA8582A7-2052-4CCC-8CA9-78984218E651},TVSM_Library@adlx\SET_CHECK_TRACTION_CONTROL_OFF.blkx
TVSM_Library,PRECONDITIONS,MainLibrary.Serial,SET_CHECK_RSD_ON,{6B5B0D58-24BA-47D2-91D8-69C7C95E1D13},TVSM_Library@adlx\SET_CHECK_RSD_ON.blkx
TVSM_Library,PRECONDITIONS,MainLibrary.Serial,SET_CHECK_RSD_OFF,{8D5A9D30-8914-4786-9155-40F5B493CD1E},TVSM_Library@adlx\SET_CHECK_RSD_OFF.blkx
TVSM_Library,PRECONDITIONS,MainLibrary.Serial,SET_CHECK_BATT_ON,{F6C0806B-552C-44BD-99C8-C0B8FC732DF8},TVSM_Library@adlx\SET_CHECK_BATT_ON.blkx
TVSM_Library,PRECONDITIONS,MainLibrary.Serial,SET_CHECK_BATT_OFF,{ABCD478C-9F48-428D-91F5-C70A798F58F4},TVSM_Library@adlx\SET_CHECK_BATT_OFF.blkx
TVSM_Library,PRECONDITIONS,MainLibrary.Serial,SET_CHECK_BRAKE_OFF,{FD2619AE-46CD-496C-B786-FC8E71DC8E26},TVSM_Library@adlx\SET_CHECK_BRAKE_OFF.blkx
TVSM_Library,PRECONDITIONS,MainLibrary.Serial,SET_CHECK_BRAKE_ON,{8D302B74-EABC-4B3A-B4D7-D9A952E8AFFF},TVSM_Library@adlx\SET_CHECK_BRAKE_ON.blkx
TVSM_Library,PRECONDITIONS,MainLibrary.Serial,SET_CHECK_CLUTCH_ON,{FF31318E-75A4-4245-B1A3-EE46F0C58C48},TVSM_Library@adlx\SET_CHECK_CLUTCH_ON.blkx
TVSM_Library,PRECONDITIONS,MainLibrary.Serial,SET_CHECK_CLUTCH_OFF,{772D4B73-2093-4F19-8D7F-82D4D325FA5C},TVSM_Library@adlx\SET_CHECK_CLUTCH_OFF.blkx
TVSM_Library,PRECONDITIONS,MainLibrary.Serial,SET_CHECK_IGN_ON,{AC498635-700E-4390-B1DB-B60555784614},TVSM_Library@adlx\SET_CHECK_IGN_ON.blkx
TVSM_Library,PRECONDITIONS,MainLibrary.Serial,SET_CHECK_IGN_OFF,{60C9910B-41A2-4BAA-9015-E2E10570C2C1},TVSM_Library@adlx\SET_CHECK_IGN_OFF.blkx
TVSM_Library,PRECONDITIONS,MainLibrary.Serial,SET_CHECK_SIDESTAND_UP,{E1A655D4-8D73-4DF0-8610-6D9AA395217F},TVSM_Library@adlx\SET_CHECK_SIDESTAND_UP.blkx
TVSM_Library,PRECONDITIONS,MainLibrary.Serial,SET_CHECK_SIDESTAND_DOWN,{2C5086E6-879E-4544-AD12-FA773B1F531D},TVSM_Library@adlx\SET_CHECK_SIDESTAND_DOWN.blkx
TVSM_Library,PRECONDITIONS,MainLibrary.Serial,CHECK_SPEED,{E1AE4229-E5DB-4EB6-8D8F-D8BFE91C8A77},TVSM_Library@adlx\CHECK_SPEED.blkx
TVSM_Library,PRECONDITIONS,MainLibrary.Serial,CHECK_CLUSTER_ON_OR_OFF,{D779CA1B-17EF-4026-9D42-253D86DB36C5},TVSM_Library@adlx\CHECK_CLUSTER_ON_OR_OFF.blkx
TVSM_Library,PRECONDITIONS,MainLibrary.Serial,CHECK_IGN_ON_OFF,{95C037F0-531E-454C-ADB7-867A58F72E9E},TVSM_Library@adlx\CHECK_IGN_ON_OFF.blkx
TVSM_Library,PRECONDITIONS,MainLibrary.Serial,SET_CHECK_CRANK_ON,{1C896C3C-00A5-45D2-85D4-5EB3903CA551},TVSM_Library@adlx\SET_CHECK_CRANK_ON.blkx
TVSM_Library,PRECONDITIONS,MainLibrary.Serial,SET_CHECK_CRANK_OFF(NA),{0D769EF3-AF23-4749-80D7-0DA5F2095E28},TVSM_Library@adlx\SET_CHECK_CRANK_OFF(NA).blkx
TVSM_Library,PRECONDITIONS,MainLibrary.Serial,CHECK_NO_DTC,{5DC5C6E3-21C2-4EBE-A8E7-404951AE91EA},TVSM_Library@adlx\CHECK_NO_DTC.blkx
TVSM_Library,PRECONDITIONS,MainLibrary.Serial,SET_CHECK_DISPLAY_SETUP,{96CD3BE7-81DA-472B-A834-9DBEB55BCFEA},TVSM_Library@adlx\SET_CHECK_DISPLAY_SETUP.blkx
TVSM_Library,PRECONDITIONS,MainLibrary.Serial,SET_CHECK_DISPLAY_SETUP_LIGHT(1)_DARK(2),{2366A3AB-BAAD-4ED6-99F0-FDD48F4BF971},TVSM_Library@adlx\SET_CHECK_DISPLAY_SETUP_LIGHT(1)_DARK(2).blkx
TVSM_Library,PRECONDITIONS,MainLibrary.Serial,SET_CHECK_RIDE_MODE_STREET(0)_RACE(1),{8FBABCD2-8F73-425F-873D-72F2A9913C09},TVSM_Library@adlx\SET_CHECK_RIDE_MODE_STREET(0)_RACE(1).blkx
TVSM_Library,PRECONDITIONS,MainLibrary.Serial,SET_CHECK_RIDE_MODE,{D495A81E-4574-4D6C-B60E-95066F47ECAB},TVSM_Library@adlx\SET_CHECK_RIDE_MODE.blkx
TVSM_Library,PRECONDITIONS,MainLibrary.Serial,SET_CHECK_RIDE_MODE_URBAN,{D58A2349-0626-4B7A-877F-87583CABCD8C},TVSM_Library@adlx\SET_CHECK_RIDE_MODE_URBAN.blkx
TVSM_Library,PRECONDITIONS,MainLibrary.Serial,SET_CHECK_RIDE_MODE_SPORT,{C44437A6-6263-4010-9B8F-C559C9BB7938},TVSM_Library@adlx\SET_CHECK_RIDE_MODE_SPORT.blkx
TVSM_Library,PRECONDITIONS,MainLibrary.Serial,SET_CHECK_RIDE_MODE_RAIN,{C1C483FF-EFCD-4F24-8655-891519AD75A2},TVSM_Library@adlx\SET_CHECK_RIDE_MODE_RAIN.blkx
TVSM_Library,PRECONDITIONS,MainLibrary.Serial,CHECK_CLUSTER_THROUGH_CAMERA_PATTEREN,{6F2A99AC-31DE-46E8-BD6C-D9C349DD3425},TVSM_Library@adlx\CHECK_CLUSTER_THROUGH_CAMERA_PATTEREN.blkx
TVSM_Library,READ_CAN,MainLibrary.Serial,READ_CAN,{28FD9E66-25E2-4597-8610-DAC1645C82F4},TVSM_Library@adlx\READ_CAN.blkx
TVSM_Library,READ_CAN,MainLibrary.Serial,READ_VEHICLE_BATTERY_VOLTAGE,{CBB4F3ED-BA4B-41EA-88A7-5750ED30A0B4},TVSM_Library@adlx\READ_VEHICLE_BATTERY_VOLTAGE.blkx
TVSM_Library,READ_CAN,MainLibrary.Serial,READ_FEATURE_EN_IMU,{F0AD8E65-51EA-465D-A132-D925E43D46A3},TVSM_Library@adlx\READ_FEATURE_EN_IMU.blkx
TVSM_Library,READ_CAN,MainLibrary.Serial,READ_ENGINE_RPM,{E45D7B25-9C2E-4609-82EB-495C62F741D0},TVSM_Library@adlx\READ_ENGINE_RPM.blkx
TVSM_Library,READ_CAN,MainLibrary.Serial,READ_WHEEL_SPEED_FRONT[0X450],{A45FB1D4-3C63-4043-9D2B-88F9CC84B960},TVSM_Library@adlx\READ_WHEEL_SPEED_FRONT[0X450].blkx
TVSM_Library,READ_CAN,MainLibrary.Serial,READ_WHEEL_SPEED_REAR[0X450],{81E6DC9C-7F50-4005-9866-C6340B806278},TVSM_Library@adlx\READ_WHEEL_SPEED_REAR[0X450].blkx
TVSM_Library,READ_CAN,MainLibrary.Serial,READ_DISTANCE_REAR,{4071F6E5-80B7-4A1D-A9B6-595C8EDA486C},TVSM_Library@adlx\READ_DISTANCE_REAR.blkx
TVSM_Library,READ_CAN,MainLibrary.Serial,READ_DISTANCE_FRONT,{54A079A8-C441-4E02-9776-B84E00EB0671},TVSM_Library@adlx\READ_DISTANCE_FRONT.blkx
TVSM_Library,READ_CAN,MainLibrary.Serial,READ_DISPLAY_SPEED[0X120],{118465A6-E376-4E22-97C6-DA9A3C6EEF1A},TVSM_Library@adlx\READ_DISPLAY_SPEED[0X120].blkx
TVSM_Library,READ_CAN,MainLibrary.Serial,READ_OVER_TEMPERATURE_INDICATION(0x350),{38D1845A-E103-4958-B9FC-6008552961C5},TVSM_Library@adlx\READ_OVER_TEMPERATURE_INDICATION(0x350).blkx
TVSM_Library,READ_CAN,MainLibrary.Serial,READ_ENGINE_TEMPERATURE(0x350),{7497D639-2F0D-4DAC-9E00-03A70DD083BF},TVSM_Library@adlx\READ_ENGINE_TEMPERATURE(0x350).blkx
TVSM_Library,READ_CAN,MainLibrary.Serial,READ_SIDE_STAND_STATUS(0x350),{DE86214F-A26C-46FF-B7BA-F65DBD6D8E11},TVSM_Library@adlx\READ_SIDE_STAND_STATUS(0x350).blkx
TVSM_Library,READ_CAN,MainLibrary.Serial,READ_SPEED,{18458DD6-417B-4BE8-BD65-E9540DFA6543},TVSM_Library@adlx\READ_SPEED.blkx
TVSM_Library,READ_CAN,MainLibrary.Serial,READ_EMS_MIL,{838EF1D0-DBA0-4495-A9B8-BA09F64C9F81},TVSM_Library@adlx\READ_EMS_MIL.blkx
TVSM_Library,READ_CAN,MainLibrary.Serial,READ_GEAR,{0C08F03F-E3E2-494D-B752-58F25A500E2D},TVSM_Library@adlx\READ_GEAR.blkx
TVSM_Library,READ_CAN,MainLibrary.Serial,READ_ODO,{37568BB0-B2AF-478C-A691-2F2D271E3D9C},TVSM_Library@adlx\READ_ODO.blkx
TVSM_Library,READ_CAN,MainLibrary.Serial,READ_HORN_ENABLE_IP(0X550),{A0F0C79E-8064-4D40-B989-7AC2981B223E},TVSM_Library@adlx\READ_HORN_ENABLE_IP(0X550).blkx
TVSM_Library,READ_CAN,MainLibrary.Serial,READ_HORN_ACTIVATION_ENABLE,{5A37E50B-2DD8-4A20-B963-D69E46E86AB3},TVSM_Library@adlx\READ_HORN_ACTIVATION_ENABLE.blkx
TVSM_Library,READ_CAN,MainLibrary.Serial,READ_HORN_SWITCH_STATUS,{34C64D4A-8134-4FF1-962E-5D8BD7DBEE19},TVSM_Library@adlx\READ_HORN_SWITCH_STATUS.blkx
TVSM_Library,READ_CAN,MainLibrary.Serial,READ_FOB_COMMAND_BIKE_FINDER,{20BEAF1D-C089-4E06-B207-9B5CC4129FE9},TVSM_Library@adlx\READ_FOB_COMMAND_BIKE_FINDER.blkx
TVSM_Library,READ_CAN,MainLibrary.Serial,READ_ENGINE_STATUS,{CBFA0668-8BC1-486B-B3C6-6627E72D2BD8},TVSM_Library@adlx\READ_ENGINE_STATUS.blkx
TVSM_Library,READ_CAN,MainLibrary.Serial,READ_HANDLE_GRIP_OPEN_PERCENTAGE_1,{706D681F-76D1-4069-9316-D4A6336728C7},TVSM_Library@adlx\READ_HANDLE_GRIP_OPEN_PERCENTAGE_1.blkx
TVSM_Library,READ_CAN,MainLibrary.Serial,READ_HANDLE_GRIP_OPEN_PERCENTAGE_2,{A6C6A90D-DD66-4554-8368-43FB0A52F3CA},TVSM_Library@adlx\READ_HANDLE_GRIP_OPEN_PERCENTAGE_2.blkx
TVSM_Library,READ_CAN,MainLibrary.Serial,READ_RUNNING_IN_MODE_STATUS(0x350),{012FA588-DF56-48C2-A26F-B6760F1E37FB},TVSM_Library@adlx\READ_RUNNING_IN_MODE_STATUS(0x350).blkx
TVSM_Library,READ_CAN,MainLibrary.Serial,READ_ENG_RIDING_MODE_SET,{1E57F5C8-8276-43CC-AAD5-1111CF869599},TVSM_Library@adlx\READ_ENG_RIDING_MODE_SET.blkx
TVSM_Library,READ_CAN,MainLibrary.Serial,READ_ABS_RIDING_MODE_SET,{310F129E-70B6-4645-9AF4-CB31DF7D963F},TVSM_Library@adlx\READ_ABS_RIDING_MODE_SET.blkx
TVSM_Library,READ_CAN,MainLibrary.Serial,READ_RIDING_MODE_ENG_FEEDBACK,{4FB814C8-6812-4CFA-B2F5-8F6954A4AABD},TVSM_Library@adlx\READ_RIDING_MODE_ENG_FEEDBACK.blkx
TVSM_Library,READ_CAN,MainLibrary.Serial,READ_RIDING_MODE_ABS_FEEDBACK,{11E73C73-38E3-40A7-828B-E31AF3C4653C},TVSM_Library@adlx\READ_RIDING_MODE_ABS_FEEDBACK.blkx
TVSM_Library,READ_CAN,MainLibrary.Serial,READ_RIDE_MODE_ABS_CONDITION_STATUS,{DC944C85-52FE-40A5-88B6-A25294088437},TVSM_Library@adlx\READ_RIDE_MODE_ABS_CONDITION_STATUS.blkx
TVSM_Library,READ_CAN,MainLibrary.Serial,READ_RIDE_MODE_ENG_CONDITION_STATUS,{5F5C2BEC-60F6-4E6F-83E5-48CC03307C5E},TVSM_Library@adlx\READ_RIDE_MODE_ENG_CONDITION_STATUS.blkx
TVSM_Library,READ_CAN,MainLibrary.Serial,WRITE_READ_RIDE_MODE_ABS_ERROR_STATUS,{D4A44211-0510-4B8F-AA4F-919358FD2C14},TVSM_Library@adlx\WRITE_READ_RIDE_MODE_ABS_ERROR_STATUS.blkx
TVSM_Library,READ_CAN,MainLibrary.Serial,WRITE_READ_TC_FEATURE_AVAILABILITY_STATUS,{B27E919C-7583-481F-BCA0-FE6317D590D3},TVSM_Library@adlx\WRITE_READ_TC_FEATURE_AVAILABILITY_STATUS.blkx
TVSM_Library,READ_CAN,MainLibrary.Serial,READ_TC_ENABLE_STATUS_CLUSTER,{A6D62A13-A838-4B3A-A6A5-21001D629885},TVSM_Library@adlx\READ_TC_ENABLE_STATUS_CLUSTER.blkx
TVSM_Library,READ_CAN,MainLibrary.Serial,WRITE_READ_CC_FEATURE_AVAILABILITY_STATUS1,{CF74AB8A-5B44-4387-8C98-60B51AB26AD8},TVSM_Library@adlx\WRITE_READ_CC_FEATURE_AVAILABILITY_STATUS1.blkx
TVSM_Library,READ_CAN,MainLibrary.Serial,READ_CRUISE_CONTROL_STATUS[0X160],{477ABD25-97BF-4E1A-A6A3-EFEB48E5E8A4},TVSM_Library@adlx\READ_CRUISE_CONTROL_STATUS[0X160].blkx
TVSM_Library,READ_CAN,MainLibrary.Serial,READ_TRACTION_CONTROL_STATUS,{F6F1DF38-42F9-4C7A-83C9-FE3960EAF0A6},TVSM_Library@adlx\READ_TRACTION_CONTROL_STATUS.blkx
TVSM_Library,READ_CAN,MainLibrary.Serial,SET_TIMEOUT_FAULT[ABS_DATA_3],{BD34A012-49BB-4E6A-A1E7-D5A7E8A039F0},TVSM_Library@adlx\SET_TIMEOUT_FAULT[ABS_DATA_3].blkx
TVSM_Library,READ_CAN,MainLibrary.Serial,RESET_TIMEOUT_FAULT[ABS_DATA_3],{7A0CDE4A-C97A-413D-97DA-6E52AA4538C5},TVSM_Library@adlx\RESET_TIMEOUT_FAULT[ABS_DATA_3].blkx
TVSM_Library,READ_CAN,MainLibrary.Serial,WRITE_INJECTED_FUEL,{A801F2C1-5D0F-4280-8E37-4E8B56760FB7},TVSM_Library@adlx\WRITE_INJECTED_FUEL.blkx
TVSM_Library,READ_CAN,MainLibrary.Serial,READ_INJECTED_FUEL,{6BCDEA39-EC45-4350-95F5-ECFA2D4A278B},TVSM_Library@adlx\READ_INJECTED_FUEL.blkx
TVSM_Library,READ_CAN,MainLibrary.Serial,READ_ABS_OFF_FEATURE_AVAIL_STATUS[0X450],{0E48F688-6404-4B7D-A0BF-9182C6F0D930},TVSM_Library@adlx\READ_ABS_OFF_FEATURE_AVAIL_STATUS[0X450].blkx
TVSM_Library,READ_CAN,MainLibrary.Serial,READ_ABS_STATUS[0X451],{F2855597-E0C0-44A9-83EB-F0D1FDF13DFD},TVSM_Library@adlx\READ_ABS_STATUS[0X451].blkx
TVSM_Library,READ_CAN,MainLibrary.Serial,READ_ABS_ACTUATION_STATUS[0X450],{05D9589D-D116-44AE-A293-D7446EB28856},TVSM_Library@adlx\READ_ABS_ACTUATION_STATUS[0X450].blkx
TVSM_Library,READ_CAN,MainLibrary.Serial,READ_WHEELIE_ANGLE[0X165],{1761F117-A95E-4701-8EE9-DE85D18DB71E},TVSM_Library@adlx\READ_WHEELIE_ANGLE[0X165].blkx
TVSM_Library,READ_CAN,MainLibrary.Serial,READ_LEAN_ANGLE[0X165],{B2EC9341-74E0-4D81-BFD9-4959DFDF8D34},TVSM_Library@adlx\READ_LEAN_ANGLE[0X165].blkx
TVSM_Library,READ_CAN,MainLibrary.Serial,READ_VEHICLE_RIDING_MODE_SET[0X125],{4939D215-AB24-4262-A2B6-FC9788F3CF39},TVSM_Library@adlx\READ_VEHICLE_RIDING_MODE_SET[0X125].blkx
TVSM_Library,READ_CAN,MainLibrary.Serial,READ_CORNERING_ABS_STATUS[0X4A0],{BF3602B9-97B5-4C19-B174-9DF7A5C75969},TVSM_Library@adlx\READ_CORNERING_ABS_STATUS[0X4A0].blkx
TVSM_Library,READ_CAN,MainLibrary.Serial,READ_BRAKE_PAD_PRESSURE_FRONT[0X450],{3935E7A5-43FF-4C53-8C24-3A39EE16C87B},TVSM_Library@adlx\READ_BRAKE_PAD_PRESSURE_FRONT[0X450].blkx
TVSM_Library,READ_CAN,MainLibrary.Serial,READ_FEATURE_EN_IMU[0X455],{31F73B92-5BA9-4D50-80F8-C8C0C4F29CE2},TVSM_Library@adlx\READ_FEATURE_EN_IMU[0X455].blkx
TVSM_Library,READ_CAN,MainLibrary.Serial,READ_TC_FEATURE_AVAILABILITY_STATUS,{7FD16FF1-B217-4A07-8074-CB4E12DF2BBF},TVSM_Library@adlx\READ_TC_FEATURE_AVAILABILITY_STATUS.blkx
TVSM_Library,READ_CAN,MainLibrary.Serial,READ_FRONT_VEHICLE_BRAKE_SW_STATUS,{4FA3F3B1-EC2A-4480-8E58-093A04228BB8},TVSM_Library@adlx\READ_FRONT_VEHICLE_BRAKE_SW_STATUS.blkx
TVSM_Library,READ_CAN,MainLibrary.Serial,READ_REAR_BRAKE_SW_STATUS,{B21498B5-7F9F-46A5-A6D6-DEEC9B5D7DEA},TVSM_Library@adlx\READ_REAR_BRAKE_SW_STATUS.blkx
TVSM_Library,READ_CAN,MainLibrary.Serial,READ_FRONT_BRAKE_SW_STATUS,{CD08979A-1285-41C3-B449-040133D3A073},TVSM_Library@adlx\READ_FRONT_BRAKE_SW_STATUS.blkx
TVSM_Library,READ_CAN,MainLibrary.Serial,READ_WHEEL_SPEED_REAR_STATUS[0X451],{7E821C9B-60BB-4F3D-8E65-279B39540BFA},TVSM_Library@adlx\READ_WHEEL_SPEED_REAR_STATUS[0X451].blkx
TVSM_Library,READ_CAN,MainLibrary.Serial,READ_WHEEL_SPEED_FRONT_STATUS[0X451],{6F359207-EB9A-4848-901F-8C2B94258BCE},TVSM_Library@adlx\READ_WHEEL_SPEED_FRONT_STATUS[0X451].blkx
TVSM_Library,READ_CAN,MainLibrary.Serial,READ_EMERGENCY_STOP_SIGNAL,{E5273BA3-693A-4E86-BDA1-BBC978F4A7D7},TVSM_Library@adlx\READ_EMERGENCY_STOP_SIGNAL.blkx
TVSM_Library,READ_CAN,MainLibrary.Serial,READ_MDL_DECELERATION_SPEED1,{965AD870-1192-46BB-BEAB-8B8752F79EC2},TVSM_Library@adlx\READ_MDL_DECELERATION_SPEED1.blkx
TVSM_Library,EMS_MIL,MainLibrary.Serial,STEP_EMS_MIL_PRECONDITIONS,{ECDFA34C-435D-433B-BDBF-D7464CD7C826},TVSM_Library@adlx\STEP_EMS_MIL_PRECONDITIONS.blkx
TVSM_Library,EMS_MIL,MainLibrary.Serial,STEP_EMS_MIL_POSTCONDITIONS,{689D52ED-31D8-469B-B879-C3661C1BA1FE},TVSM_Library@adlx\STEP_EMS_MIL_POSTCONDITIONS.blkx
TVSM_Library,EMS_MIL,MainLibrary.Serial,CHECK_CLUSTER_THROUGH_CAMERA_EMS_MIL,{32198205-30C6-4F54-8319-C52F5B824CE8},TVSM_Library@adlx\CHECK_CLUSTER_THROUGH_CAMERA_EMS_MIL.blkx
TVSM_Library,READ_WRITE,MainLibrary.Serial,WRITE_READ_GEAR,{3B2A1B30-3D6F-4264-A4BB-A53C65B12F9C},TVSM_Library@adlx\WRITE_READ_GEAR.blkx
TVSM_Library,READ_WRITE,MainLibrary.Serial,WRITE_READ_,{65F83E57-4E6B-4A64-A72A-5F66A9495EC7},TVSM_Library@adlx\WRITE_READ_.blkx
TVSM_Library,READ_WRITE,MainLibrary.Serial,WRITE_READ_CLUTCH,{CB42B051-2DDB-4ADE-973E-8323EFE4D472},TVSM_Library@adlx\WRITE_READ_CLUTCH.blkx
TVSM_Library,READ_WRITE,MainLibrary.Serial,WRITE_READ_HARD_BRAKING,{4CF8D4B7-CF1E-4D66-AC09-5263B3EDAE8B},TVSM_Library@adlx\WRITE_READ_HARD_BRAKING.blkx
TVSM_Library,READ_WRITE,MainLibrary.Serial,WRITE_READ_CONS_ROAD_IP,{F08BB772-8582-466F-8D37-069B85C21944},TVSM_Library@adlx\WRITE_READ_CONS_ROAD_IP.blkx
TVSM_Library,READ_WRITE,MainLibrary.Serial,WRITE_READ_CONS_OCCU_MASS,{E4E178D0-56F7-4F4A-BDB0-7CD2661D6D67},TVSM_Library@adlx\WRITE_READ_CONS_OCCU_MASS.blkx
TVSM_Library,READ_WRITE,MainLibrary.Serial,WRITE_READ_MDL_DECELERATION_SPEED,{3D28E37B-6B21-4ABA-A5C7-498F25B84F37},TVSM_Library@adlx\WRITE_READ_MDL_DECELERATION_SPEED.blkx
TVSM_Library,READ_WRITE,MainLibrary.Serial,WRITE_READ_CONS_WHEELIE_ANG_IP,{2B89DC7D-F7AB-464A-9E05-54A5D691A8EA},TVSM_Library@adlx\WRITE_READ_CONS_WHEELIE_ANG_IP.blkx
TVSM_Library,READ_WRITE,MainLibrary.Serial,WRITE_READ_CONS_LEAN_ANG_IP,{2CEEF8B2-F6FC-4839-BE45-9259085D87A9},TVSM_Library@adlx\WRITE_READ_CONS_LEAN_ANG_IP.blkx
TVSM_Library,READ_WRITE,MainLibrary.Serial,WRITE_READ_CONS_POS_GRAD,{B2DE6567-9DE0-4A0D-8613-092E3C1BDDB0},TVSM_Library@adlx\WRITE_READ_CONS_POS_GRAD.blkx
TVSM_Library,READ_WRITE,MainLibrary.Serial,WRITE_READ_CONS_TYRE_WEAR,{73ED8C0C-86EE-46D3-AEF6-BEEC667102B5},TVSM_Library@adlx\WRITE_READ_CONS_TYRE_WEAR.blkx
TVSM_Library,READ_WRITE,MainLibrary.Serial,WRITE_READ_CONS_IMU_ERROR,{8AAE563B-8327-4712-86BB-393E121C0AAC},TVSM_Library@adlx\WRITE_READ_CONS_IMU_ERROR.blkx
TVSM_Library,READ_WRITE,MainLibrary.Serial,WRITE_READ_CONS_FRONT_HARD_BRAKING,{26FE8EC3-1DAA-42EF-91E3-2C2D720F2C4C},TVSM_Library@adlx\WRITE_READ_CONS_FRONT_HARD_BRAKING.blkx
TVSM_Library,READ_WRITE,MainLibrary.Serial,WRITE_READ_CONS_REAR_HARD_BRAKING,{8B041EC2-87E9-4892-A362-94A228DBF2E0},TVSM_Library@adlx\WRITE_READ_CONS_REAR_HARD_BRAKING.blkx
TVSM_Library,READ_WRITE,MainLibrary.Serial,WRITE_READ_CONS_FRONT_HARD_BRAKING_DEBOUNCE,{BDD7B7ED-753B-406C-B2FB-9BEFB599BF0B},TVSM_Library@adlx\WRITE_READ_CONS_FRONT_HARD_BRAKING_DEBOUNCE.blkx
TVSM_Library,READ_WRITE,MainLibrary.Serial,WRITE_READ_CONS_REAR_HARD_BRAKING_DEBOUNCE,{A9F3E7CA-C712-424D-9BBF-1BF9C8BCCA8D},TVSM_Library@adlx\WRITE_READ_CONS_REAR_HARD_BRAKING_DEBOUNCE.blkx
TVSM_Library,READ_WRITE,MainLibrary.Serial,WRITE_READ_APS,{9F7B3440-763A-4734-88E3-3117AF99EFFD},TVSM_Library@adlx\WRITE_READ_APS.blkx
TVSM_Library,READ_WRITE,MainLibrary.Serial,WRITE_READ_ECT,{4D22B5CD-EEA1-4FC7-9D81-879332F70F15},TVSM_Library@adlx\WRITE_READ_ECT.blkx
TVSM_Library,READ_WRITE,MainLibrary.Serial,WRITE_READ_ECT_VOLTAGE,{B2482CEC-39F3-40FC-8C93-770B9A39C620},TVSM_Library@adlx\WRITE_READ_ECT_VOLTAGE.blkx
TVSM_Library,READ_WRITE,MainLibrary.Serial,WRITE_READ_IAT,{E51DACC4-F10F-425B-AB82-D1FEDBFED744},TVSM_Library@adlx\WRITE_READ_IAT.blkx
TVSM_Library,READ_WRITE,MainLibrary.Serial,WRITE_READ_BATT_VALUE,{D3C37C73-4442-4455-9D61-BE885E07E368},TVSM_Library@adlx\WRITE_READ_BATT_VALUE.blkx
TVSM_Library,READ_WRITE,MainLibrary.Serial,READ_MDL_DECELERATION_SPEED,{84DA3C30-C2A5-40B8-91CF-8619A3E8385A},TVSM_Library@adlx\READ_MDL_DECELERATION_SPEED.blkx
TVSM_Library,READ_WRITE,MainLibrary.Serial,READ_DISP_MDL_STOPPING_DIST,{8FEAC612-F0B3-4E8D-881D-8E15BDAD276D},TVSM_Library@adlx\READ_DISP_MDL_STOPPING_DIST.blkx
TVSM_Library,READ_WRITE,MainLibrary.Serial,READ_DISP_MDL_DECELERATION_SPEED,{EA75D63A-227A-4606-A61C-D59A2205557D},TVSM_Library@adlx\READ_DISP_MDL_DECELERATION_SPEED.blkx
TVSM_Library,READ_WRITE,MainLibrary.Serial,WRITE_READ_FUEL,{66608C47-92A1-42C5-A762-5F28B0987DB6},TVSM_Library@adlx\WRITE_READ_FUEL.blkx
TVSM_Library,FIU,MainLibrary.Serial,SET_FIU_SCG,{F1771877-D1B3-4441-A214-823CA76289F5},TVSM_Library@adlx\SET_FIU_SCG.blkx
TVSM_Library,FIU,MainLibrary.Serial,SET_FIU_OC,{DD984F9F-C6F9-484C-B81B-089070E2CA3A},TVSM_Library@adlx\SET_FIU_OC.blkx
TVSM_Library,FIU,MainLibrary.Serial,SET_FIU_SCB,{FE17BB22-8D75-4E6E-8840-BF774AE732BC},TVSM_Library@adlx\SET_FIU_SCB.blkx
TVSM_Library,FIU,MainLibrary.Serial,SET_FIU_SCB_FRONT_BRAKE,{F75C539B-6641-4C93-B1AF-5DCD3BE98FCD},TVSM_Library@adlx\SET_FIU_SCB_FRONT_BRAKE.blkx
TVSM_Library,FIU,MainLibrary.Serial,SET_FIU_OC_FRONT_BRAKE,{CBEBAF10-5C57-42C0-BF95-D9308C1D07E6},TVSM_Library@adlx\SET_FIU_OC_FRONT_BRAKE.blkx
TVSM_Library,FIU,MainLibrary.Serial,SET_FIU_SCG_FRONT_BRAKE,{DC7E0B19-1477-47FE-98FC-E741E316052E},TVSM_Library@adlx\SET_FIU_SCG_FRONT_BRAKE.blkx
TVSM_Library,FIU,MainLibrary.Serial,SET_FIU_SCB_REAR_BRAKE,{8E0F72FC-B4A2-4271-B6BC-D8715C486FDD},TVSM_Library@adlx\SET_FIU_SCB_REAR_BRAKE.blkx
TVSM_Library,FIU,MainLibrary.Serial,SET_FIU_OC_REAR_BRAKE,{497A43B2-C5C5-4380-B046-4824E6D6BE34},TVSM_Library@adlx\SET_FIU_OC_REAR_BRAKE.blkx
TVSM_Library,FIU,MainLibrary.Serial,SET_FIU_SCG_REAR_BRAKE,{B7DA4104-71B6-4FE5-B1BA-F89E35175DB0},TVSM_Library@adlx\SET_FIU_SCG_REAR_BRAKE.blkx
TVSM_Library,FIU,MainLibrary.Serial,SET_FIU_OC_GPS,{4CF6D325-507F-4AD0-AD6C-0D3FFE1A21AA},TVSM_Library@adlx\SET_FIU_OC_GPS.blkx
TVSM_Library,FIU,MainLibrary.Serial,SET_FIU_SCB_GPS,{3E899C4D-EEB0-458E-A9DB-AECDEB1F9A8B},TVSM_Library@adlx\SET_FIU_SCB_GPS.blkx
TVSM_Library,FIU,MainLibrary.Serial,SET_FIU_SCG_GPS,{1370A841-C2B9-4881-B821-3212521D4F41},TVSM_Library@adlx\SET_FIU_SCG_GPS.blkx
TVSM_Library,FIU,MainLibrary.Serial,SET_FIU_SCG_WSS,{AF4936C2-AABB-42DC-9DEB-F8C695BDA053},TVSM_Library@adlx\SET_FIU_SCG_WSS.blkx
TVSM_Library,FIU,MainLibrary.Serial,SET_FIU_OC_WSS,{EC4CA1BB-F8CC-4786-ADBB-96EDA2813CD3},TVSM_Library@adlx\SET_FIU_OC_WSS.blkx
TVSM_Library,FIU,MainLibrary.Serial,SET_FIU_SCG_ACC_PEDAL_IP,{7137035A-9989-42E4-BB9B-BDADBB05D385},TVSM_Library@adlx\SET_FIU_SCG_ACC_PEDAL_IP.blkx
TVSM_Library,FIU,MainLibrary.Serial,SET_FIU_OC_ACC_PDL,{26EDAECE-7A0D-4160-A5CC-EA7233C240C5},TVSM_Library@adlx\SET_FIU_OC_ACC_PDL.blkx
TVSM_Library,FIU,MainLibrary.Serial,SET_FIU_OC_CAN_HIGH,{FC73EEB4-4ED3-47CB-B00D-FE241CEDC9DC},TVSM_Library@adlx\SET_FIU_OC_CAN_HIGH.blkx
TVSM_Library,FIU,MainLibrary.Serial,SET_FIU_OC_CAN_LOW,{7625FE09-87C9-4A75-93B8-1A41A2C74969},TVSM_Library@adlx\SET_FIU_OC_CAN_LOW.blkx
TVSM_Library,FIU,MainLibrary.Serial,SET_FIU_OC_WSS_F,{71297F53-C4AE-4DE7-B387-B04337E55657},TVSM_Library@adlx\SET_FIU_OC_WSS_F.blkx
TVSM_Library,FIU,MainLibrary.Serial,SET_FIU_OC_WSS_R,{C56668C1-649A-4639-BB3D-2E4434B3D92B},TVSM_Library@adlx\SET_FIU_OC_WSS_R.blkx
TVSM_Library,FIU,MainLibrary.Serial,SET_FIU_SCG_WSS_F,{322CC2A1-6A7A-4334-A2D4-C32E2C4FB6B8},TVSM_Library@adlx\SET_FIU_SCG_WSS_F.blkx
TVSM_Library,FIU,MainLibrary.Serial,SET_FIU_SCG_WSS_R,{957A160F-2702-413A-B1D3-ED5C8D85313D},TVSM_Library@adlx\SET_FIU_SCG_WSS_R.blkx
TVSM_Library,FIU,MainLibrary.Serial,SET_FIU_SCG_CAN_HIGH,{B58032B9-C8B5-4557-9073-C2D704F1B06B},TVSM_Library@adlx\SET_FIU_SCG_CAN_HIGH.blkx
TVSM_Library,FIU,MainLibrary.Serial,SET_FIU_SCG_CAN_LOW,{363B6D75-8F6E-4F2F-95EB-12E17B5EACCA},TVSM_Library@adlx\SET_FIU_SCG_CAN_LOW.blkx
TVSM_Library,FIU,MainLibrary.Serial,SET_FIU_SCG_CAN_HIGH_LOW,{FF05F032-A836-4C48-A57C-47C1A391DDAA},TVSM_Library@adlx\SET_FIU_SCG_CAN_HIGH_LOW.blkx
TVSM_Library,FIU,MainLibrary.Serial,SET_FIU_SCB_CAN_LOW,{B71C3238-BE94-462E-9FEB-2AF928E79EE8},TVSM_Library@adlx\SET_FIU_SCB_CAN_LOW.blkx
TVSM_Library,FIU,MainLibrary.Serial,SET_FIU_SCB_CAN_HIGH,{58B2461E-DFED-4CCD-A683-B5A681F3D799},TVSM_Library@adlx\SET_FIU_SCB_CAN_HIGH.blkx
TVSM_Library,FIU,MainLibrary.Serial,SET_FIU_SCB_WSS_F,{630203B7-8CC1-4032-950D-DF0332F0A730},TVSM_Library@adlx\SET_FIU_SCB_WSS_F.blkx
TVSM_Library,FIU,MainLibrary.Serial,SET_FIU_SCB_WSS_R,{C9D4AED5-E386-4659-9535-A156A9EA7747},TVSM_Library@adlx\SET_FIU_SCB_WSS_R.blkx
TVSM_Library,FIU,MainLibrary.Serial,SET_FIU_SCB_WSS_F_WSS_R,{F5B45EF4-3C02-4A2A-95C4-E2DB2D570AA3},TVSM_Library@adlx\SET_FIU_SCB_WSS_F_WSS_R.blkx
TVSM_Library,FIU,MainLibrary.Serial,SET_FIU_SCG_WSS_F_WSS_R,{04ABFCE7-3DDA-4F36-A841-090502DB8537},TVSM_Library@adlx\SET_FIU_SCG_WSS_F_WSS_R.blkx
TVSM_Library,FIU,MainLibrary.Serial,DEACTIVATE_RELEASE_ERROR,{A877C350-A66E-4CD8-BDE0-E16766212837},TVSM_Library@adlx\DEACTIVATE_RELEASE_ERROR.blkx
TVSM_Library,RIDE_MODE,MainLibrary.Serial,STEP_RIDE_MODE_PRECONDITION,{B8BE7583-A099-4B07-8EFF-24D7F2D50745},TVSM_Library@adlx\STEP_RIDE_MODE_PRECONDITION.blkx
TVSM_Library,RIDE_MODE,MainLibrary.Serial,STEP_RIDE_MODE_POSTCONDITION,{D8A1F186-FCE1-4A7B-B3F1-AAD066E7A014},TVSM_Library@adlx\STEP_RIDE_MODE_POSTCONDITION.blkx
TVSM_Library,RIDE_MODE,MainLibrary.Serial,SET_CHECK_RUNNING_MODE(DID),{1D791E4A-7E2A-46B3-8ADD-D444D6367555},TVSM_Library@adlx\SET_CHECK_RUNNING_MODE(DID).blkx
TVSM_Library,RIDE_MODE,MainLibrary.Serial,RESET_CHECK_RUNNING_MODE(DID),{10B9FA45-396E-4015-855F-A41FC14C8056},TVSM_Library@adlx\RESET_CHECK_RUNNING_MODE(DID).blkx
TVSM_Library,RIDE_MODE,MainLibrary.Serial,SET_CHECK_RIDE_MODES_ON_CLUSTER,{E3E9439B-CCC5-49B3-8CBC-16F27F1A83B3},TVSM_Library@adlx\SET_CHECK_RIDE_MODES_ON_CLUSTER.blkx
TVSM_Library,RIDE_MODE,MainLibrary.Serial,SET_CHECK_RIDE_MODES_RAIN,{757E2DDA-86CD-41C8-8AA2-AFABDEBF61EA},TVSM_Library@adlx\SET_CHECK_RIDE_MODES_RAIN.blkx
TVSM_Library,RIDE_MODE,MainLibrary.Serial,CHECK_RIDE_MODE_RAIN,{C0751339-B905-431F-816A-D39E75DFD6E5},TVSM_Library@adlx\CHECK_RIDE_MODE_RAIN.blkx
TVSM_Library,RIDE_MODE,MainLibrary.Serial,SET_CHECK_RIDE_MODES_TOUR,{3C8CDB04-3318-4D37-B703-4B726ACF87E4},TVSM_Library@adlx\SET_CHECK_RIDE_MODES_TOUR.blkx
TVSM_Library,RIDE_MODE,MainLibrary.Serial,CHECK_RIDE_MODE_TOUR,{17CBD956-7B66-441C-B2E1-34FB58A11EDA},TVSM_Library@adlx\CHECK_RIDE_MODE_TOUR.blkx
TVSM_Library,RIDE_MODE,MainLibrary.Serial,SET_CHECK_RIDE_MODES_URBAN,{AD7DA6F9-3788-4EAC-9290-2B64F89E7F3C},TVSM_Library@adlx\SET_CHECK_RIDE_MODES_URBAN.blkx
TVSM_Library,RIDE_MODE,MainLibrary.Serial,CHECK_RIDE_MODE_URBAN,{C9432B5E-E8CA-476C-9E1C-97C0F6A81510},TVSM_Library@adlx\CHECK_RIDE_MODE_URBAN.blkx
TVSM_Library,RIDE_MODE,MainLibrary.Serial,SET_CHECK_RIDE_MODES_OFFROAD,{834838CA-796F-4168-8ED5-D89B26428C3E},TVSM_Library@adlx\SET_CHECK_RIDE_MODES_OFFROAD.blkx
TVSM_Library,RIDE_MODE,MainLibrary.Serial,CHECK_RIDE_MODE_OFFROAD,{DE193C9D-BC83-4171-818C-59095E2DE918},TVSM_Library@adlx\CHECK_RIDE_MODE_OFFROAD.blkx
TVSM_Library,RIDE_MODE,MainLibrary.Serial,SET_CHECK_TRACTION_MODE_SET,{2F0E5C08-97C2-474A-9790-529DD1B710CF},TVSM_Library@adlx\SET_CHECK_TRACTION_MODE_SET.blkx
TVSM_Library,TACHOMETER_ENG_SPEED,MainLibrary.Serial,STEP_PRE_ACTION_URBAN,{431C63FC-4148-4907-BF92-CE794F9F0458},TVSM_Library@adlx\STEP_PRE_ACTION_URBAN.blkx
TVSM_Library,TACHOMETER_ENG_SPEED,MainLibrary.Serial,STEP_PRE_ACTION_RAIN,{FCE7AAF3-0248-482A-AEFB-7C71169EB6D3},TVSM_Library@adlx\STEP_PRE_ACTION_RAIN.blkx
TVSM_Library,TACHOMETER_ENG_SPEED,MainLibrary.Serial,STEP_PRE_ACTION_TOUR,{4BC5C5C3-F63B-45CD-95E2-FAF35DB67125},TVSM_Library@adlx\STEP_PRE_ACTION_TOUR.blkx
TVSM_Library,TACHOMETER_ENG_SPEED,MainLibrary.Serial,STEP_PRE_ACTION_OFFROAD,{4767136F-31DC-4A4F-B996-A47AEC3315F7},TVSM_Library@adlx\STEP_PRE_ACTION_OFFROAD.blkx
TVSM_Library,TACHOMETER_ENG_SPEED,MainLibrary.Serial,STEP_POST_ACTION,{19EFEC32-5F37-4E94-8BAB-30D82DF7BF76},TVSM_Library@adlx\STEP_POST_ACTION.blkx
TVSM_Library,TACHOMETER_ENG_SPEED,MainLibrary.Serial,CHECK_CLUSTER_THROUGH_CAMERA_TACHO_SWIPE,{BFBD1695-034C-4DC1-BC6D-A03E5BEDAB13},TVSM_Library@adlx\CHECK_CLUSTER_THROUGH_CAMERA_TACHO_SWIPE.blkx
TVSM_Library,TACHOMETER_ENG_SPEED,MainLibrary.Serial,CHECK_CLUSTER_THROUGH_CAMERA_ENGINE_SPEED_NORMAL,{EB835943-0D59-45DA-A772-CEF63F553A1B},TVSM_Library@adlx\CHECK_CLUSTER_THROUGH_CAMERA_ENGINE_SPEED_NORMAL.blkx
TVSM_Library,TACHOMETER_ENG_SPEED,MainLibrary.Serial,CHECK_CLUSTER_THROUGH_CAMERA_ENGINE_SPEED_RED,{2A53EA0B-FEB4-4802-9539-FB775ABBF6BC},TVSM_Library@adlx\CHECK_CLUSTER_THROUGH_CAMERA_ENGINE_SPEED_RED.blkx
TVSM_Library,KEYLESS_FUEL_TANK,MainLibrary.Serial,SET_CHECK_FUEL_TANK_LID_SW_DIN,{65062FD3-3F7A-4970-886E-DEAA39E5B6BC},TVSM_Library@adlx\SET_CHECK_FUEL_TANK_LID_SW_DIN.blkx
TVSM_Library,KEYLESS_FUEL_TANK,MainLibrary.Serial,SET_CHECK_FOB_COMMAND_TANK_LID_UNLOCK(0xFE),{D9A3EAC6-C8EA-4A30-82EF-F5426C5751B0},TVSM_Library@adlx\SET_CHECK_FOB_COMMAND_TANK_LID_UNLOCK(0xFE).blkx
TVSM_Library,KEYLESS_FUEL_TANK,MainLibrary.Serial,CHECK_TANK_LID_SWITCH_STATUS,{FAE19E5C-FF0C-4C14-A71D-6C7BE289654F},TVSM_Library@adlx\CHECK_TANK_LID_SWITCH_STATUS.blkx
TVSM_Library,KEYLESS_FUEL_TANK,MainLibrary.Serial,CHECK_TANK_LID_ACTUATOR_OP,{E58F7EB8-099C-4898-998B-2210E7FF29F5},TVSM_Library@adlx\CHECK_TANK_LID_ACTUATOR_OP.blkx
TVSM_Library,ABS,MainLibrary.Serial,ABS_FEATURE_ENABLE_DID,{663CC1DE-0C25-4B6E-A13E-456D6D5516C4},TVSM_Library@adlx\ABS_FEATURE_ENABLE_DID.blkx
TVSM_Library,ABS,MainLibrary.Serial,ABS_FEATURE_DISABLE_DID,{36559784-6E99-47E2-97B6-958A7654DD26},TVSM_Library@adlx\ABS_FEATURE_DISABLE_DID.blkx
TVSM_Library,ABS,MainLibrary.Serial,CHECK_CLUSTER_THROUGH_CAMERA_GEAR,{82B465E3-6636-4344-B967-3A6776DEDC57},TVSM_Library@adlx\CHECK_CLUSTER_THROUGH_CAMERA_GEAR.blkx
TVSM_Library,ABS,MainLibrary.Serial,CHECK_CLUSTER_THROUGH_CAMERA_SPEED,{53602284-7E3D-4B7C-B724-BD84D69A617E},TVSM_Library@adlx\CHECK_CLUSTER_THROUGH_CAMERA_SPEED.blkx
TVSM_Library,ABS,MainLibrary.Serial,CHECK_CLUSTER_THROUGH_CAMERA_ABS_MIL,{A8807E4E-1244-493A-A850-9A41501440D0},TVSM_Library@adlx\CHECK_CLUSTER_THROUGH_CAMERA_ABS_MIL.blkx
TVSM_Library,ABS,MainLibrary.Serial,CHECK_CLUSTER_THROUGH_CAMERA_ABS_SWITCH_OFF,{8A1FAAD2-DB35-4FE4-BC38-0D9870C4CBCF},TVSM_Library@adlx\CHECK_CLUSTER_THROUGH_CAMERA_ABS_SWITCH_OFF.blkx
TVSM_Library,ABS,MainLibrary.Serial,SET_CHECK_CONS_IMU_STATUS,{AAD79877-65B9-43A7-9584-0DC4BAEE4876},TVSM_Library@adlx\SET_CHECK_CONS_IMU_STATUS.blkx
TVSM_Library,ABS,MainLibrary.Serial,TURN_OFF_ABS_FUNCTION_TOUCH,{D42A391B-6B73-4354-A89B-4E4B8F565802},TVSM_Library@adlx\TURN_OFF_ABS_FUNCTION_TOUCH.blkx
TVSM_Library,ENG_TEMP_INDICATION,MainLibrary.Serial,STEP_PRECONDITION_ENG_COOL_TMP,{FF2930A6-8262-4B1C-8EA3-75FFF6CA35B1},TVSM_Library@adlx\STEP_PRECONDITION_ENG_COOL_TMP.blkx
TVSM_Library,ENG_TEMP_INDICATION,MainLibrary.Serial,STEP_POSTCONDITION_ENG_COOL_TMP,{7A478F30-1F0D-4DDC-A81D-0D8F496D4D0C},TVSM_Library@adlx\STEP_POSTCONDITION_ENG_COOL_TMP.blkx
TVSM_Library,ENG_TEMP_INDICATION,MainLibrary.Serial,CHECK_CLUSTER_WARNING,{2F89635A-CDCB-4995-BDF9-18479ABF46A4},TVSM_Library@adlx\CHECK_CLUSTER_WARNING.blkx
TVSM_Library,ENG_TEMP_INDICATION,MainLibrary.Serial,CHECK_SIDE_STAND_WARNING,{8FC31C70-35C3-46C4-BA0F-5CFFCC3F1DC9},TVSM_Library@adlx\CHECK_SIDE_STAND_WARNING.blkx
TVSM_Library,ENG_TEMP_INDICATION,MainLibrary.Serial,CHECK_COLOUR_SOFT_TELLTALE,{9A8A92B7-5EB9-4FDD-8320-04098D1C94D2},TVSM_Library@adlx\CHECK_COLOUR_SOFT_TELLTALE.blkx
TVSM_Library,ENG_TEMP_INDICATION,MainLibrary.Serial,CHECK_GLOW_HARD_TELLTALE,{F40F847D-A550-4A1C-A8C6-A5CE9AC7C578},TVSM_Library@adlx\CHECK_GLOW_HARD_TELLTALE.blkx
TVSM_Library,ENG_TEMP_INDICATION,MainLibrary.Serial,CHECK_CLUSTER_THROUGH_CAMERA_ECT,{61C8D1EF-051D-43BE-8B70-16C2C9CB74B6},TVSM_Library@adlx\CHECK_CLUSTER_THROUGH_CAMERA_ECT.blkx
TVSM_Library,DIGITAL_CLOCK,MainLibrary.Serial,READ_TIME_DID,{E1C9F413-D9B1-4AAD-837B-035BE7A024DD},TVSM_Library@adlx\READ_TIME_DID.blkx
TVSM_Library,DIGITAL_CLOCK,MainLibrary.Serial,WRITE_TIME_DID,{D2B0CCF4-8BF4-4D3E-9D15-4C9A4AA60A67},TVSM_Library@adlx\WRITE_TIME_DID.blkx
TVSM_Library,DIGITAL_CLOCK,MainLibrary.Serial,SET_CHECK_AUTO_SYNC,{99FCEB5D-1EDA-41D4-B02B-BFC150CFF80A},TVSM_Library@adlx\SET_CHECK_AUTO_SYNC.blkx
TVSM_Library,DIGITAL_CLOCK,MainLibrary.Serial,SET_AUTO_SYNC_ENABLE,{1B6BF6A0-6F10-4B7D-94F2-EB5670F5871B},TVSM_Library@adlx\SET_AUTO_SYNC_ENABLE.blkx
TVSM_Library,DIGITAL_CLOCK,MainLibrary.Serial,SET_AUTO_SYNC_DISABLE,{8926950D-AFFD-4DF9-9B31-3FDB8EFDE280},TVSM_Library@adlx\SET_AUTO_SYNC_DISABLE.blkx
TVSM_Library,DIGITAL_CLOCK,MainLibrary.Serial,SET_FORMAT_12,{BF15D619-6E71-437E-85BD-26CD40C94855},TVSM_Library@adlx\SET_FORMAT_12.blkx
TVSM_Library,DIGITAL_CLOCK,MainLibrary.Serial,SET_FORMAT_24,{EEC8D405-D088-4951-9713-7CF2B4FBAAB0},TVSM_Library@adlx\SET_FORMAT_24.blkx
TVSM_Library,DIGITAL_CLOCK,MainLibrary.Serial,SET_TIME,{264B4C36-1B28-4154-A130-229B639D404F},TVSM_Library@adlx\SET_TIME.blkx
TVSM_Library,DIGITAL_CLOCK,MainLibrary.Serial,CHECK_TIME,{E0BC506D-3D73-42FF-B2F5-CAFEAA1E84C6},TVSM_Library@adlx\CHECK_TIME.blkx
TVSM_Library,DIGITAL_CLOCK,MainLibrary.Serial,SET_AM,{E28DDDEC-2008-45DA-8AC7-D5AEEF2D1D6B},TVSM_Library@adlx\SET_AM.blkx
TVSM_Library,DIGITAL_CLOCK,MainLibrary.Serial,SET_PM,{CDF52CFE-B735-4D03-A901-5AAD6D61511F},TVSM_Library@adlx\SET_PM.blkx
TVSM_Library,DIGITAL_CLOCK,MainLibrary.Serial,CONNCT_BT_APP,{345A0C51-F768-4ADD-AD24-FBAE7ABC3261},TVSM_Library@adlx\CONNCT_BT_APP.blkx
TVSM_Library,AVERAGE_SPEED,MainLibrary.Serial,STEP_AVG_PRECONDITIONS,{B225FE55-8EBA-49A7-9B80-F4A6D3E8BB5C},TVSM_Library@adlx\STEP_AVG_PRECONDITIONS.blkx
TVSM_Library,AVERAGE_SPEED,MainLibrary.Serial,STEP_AVG_POSTCONDITIONS,{4F36B7DE-4747-488F-99DF-49B308CBD2B8},TVSM_Library@adlx\STEP_AVG_POSTCONDITIONS.blkx
TVSM_Library,AVERAGE_SPEED,MainLibrary.Serial,CHECK_AVERAGE_SPEED_CLUSTER,{39194456-F399-41D0-AF26-EBD67C35F136},TVSM_Library@adlx\CHECK_AVERAGE_SPEED_CLUSTER.blkx
TVSM_Library,TRIPMETER,MainLibrary.Serial,TRIP_PRECONDITION,{03513CE8-B28F-4687-BAEE-0E8FFE51A642},TVSM_Library@adlx\TRIP_PRECONDITION.blkx
TVSM_Library,TRIPMETER,MainLibrary.Serial,TRIP_POSTCONDITION,{37F5374D-143E-48CA-9FDE-2A6F4C12CD90},TVSM_Library@adlx\TRIP_POSTCONDITION.blkx
TVSM_Library,TRIPMETER,MainLibrary.Serial,WRITE_ODO_VALUE,{B0ED9358-D2DF-48E5-96AC-E2A414E1992B},TVSM_Library@adlx\WRITE_ODO_VALUE.blkx
TVSM_Library,TRIPMETER,MainLibrary.Serial,SET_TRIP_A,{9E8E1587-7A17-4622-95A7-071A588404FD},TVSM_Library@adlx\SET_TRIP_A.blkx
TVSM_Library,TRIPMETER,MainLibrary.Serial,RESET_TRIP_A,{8881798B-A26A-4D2C-8EA1-6D29B41CE648},TVSM_Library@adlx\RESET_TRIP_A.blkx
TVSM_Library,TRIPMETER,MainLibrary.Serial,CHECK_TRIP_A,{4BE0EAF7-C7A1-406F-83E5-5B32AD425905},TVSM_Library@adlx\CHECK_TRIP_A.blkx
TVSM_Library,TRIPMETER,MainLibrary.Serial,CHECK_TRIP_C,{6C6BF6FD-4984-460B-8223-A43D8623EA64},TVSM_Library@adlx\CHECK_TRIP_C.blkx
TVSM_Library,TRIPMETER,MainLibrary.Serial,RESET_TRIP_C,{E7CF56C9-5FA4-4D90-915C-4C83F2BADBF9},TVSM_Library@adlx\RESET_TRIP_C.blkx
TVSM_Library,TRIPMETER,MainLibrary.Serial,SET_TRIP_C,{E6F74D3F-D928-45B6-8E4D-3760244C58F9},TVSM_Library@adlx\SET_TRIP_C.blkx
TVSM_Library,TRIPMETER,MainLibrary.Serial,SET_TRIP_B,{2D733D37-D995-4020-B38B-A85A47CAF36D},TVSM_Library@adlx\SET_TRIP_B.blkx
TVSM_Library,TRIPMETER,MainLibrary.Serial,RESET_TRIP_B,{B2CFB180-76CC-46C3-B387-A6471B1C1C8E},TVSM_Library@adlx\RESET_TRIP_B.blkx
TVSM_Library,TRIPMETER,MainLibrary.Serial,CHECK_TRIP_B,{D2C0F607-7DB2-40DB-A1C6-F4DE8BC431D1},TVSM_Library@adlx\CHECK_TRIP_B.blkx
TVSM_Library,TRIPMETER,MainLibrary.Serial,SET_DAY_TRIP,{D785F328-CF99-43C7-B0BD-4D83C746853E},TVSM_Library@adlx\SET_DAY_TRIP.blkx
TVSM_Library,TRIPMETER,MainLibrary.Serial,RESET_DAY_TRIP,{7366CBEA-8F1B-40C8-932D-AEA0AE86E999},TVSM_Library@adlx\RESET_DAY_TRIP.blkx
TVSM_Library,TRIPMETER,MainLibrary.Serial,RESET_PERFORMANCE_RECORD,{B1027A44-3A71-46C0-84E6-D6DC1BE3332C},TVSM_Library@adlx\RESET_PERFORMANCE_RECORD.blkx
TVSM_Library,TRIPMETER,MainLibrary.Serial,CHECK_DAY_TRIP,{86147A39-5180-40B7-83A1-3B7EB2B9A5DF},TVSM_Library@adlx\CHECK_DAY_TRIP.blkx
TVSM_Library,TRIPMETER,MainLibrary.Serial,WRITE_APS_CHECK_SPEED,{9F41F1B9-63BB-4AEA-B5E6-8EBFEB15A1A2},TVSM_Library@adlx\WRITE_APS_CHECK_SPEED.blkx
TVSM_Library,TRIPMETER,MainLibrary.Serial,STEP_INJECTED_FUEL,{CA67303A-2F59-4B2C-95E5-DAEBD7D125D0},TVSM_Library@adlx\STEP_INJECTED_FUEL.blkx
TVSM_Library,TRIPMETER,MainLibrary.Serial,STEP_TRIP_A,{641EB60C-62A2-4EEC-89EE-985093DA679D},TVSM_Library@adlx\STEP_TRIP_A.blkx
TVSM_Library,TRIPMETER,MainLibrary.Serial,STEP_TRIP_B,{4CD75013-940B-46CC-B51A-948D16EC90BA},TVSM_Library@adlx\STEP_TRIP_B.blkx
TVSM_Library,TRIPMETER,MainLibrary.Serial,STEP_TRIP_C,{B75710E4-632D-4383-8EF9-692DED5DE695},TVSM_Library@adlx\STEP_TRIP_C.blkx
TVSM_Library,TRIPMETER,MainLibrary.Serial,STEP_DAY_TRIP,{391E0EDA-6023-4C2C-A594-302E4C03C6FE},TVSM_Library@adlx\STEP_DAY_TRIP.blkx
TVSM_Library,COOLING_FAN,MainLibrary.Serial,PreSetup_Cooling_Fan,{648172C3-A8D2-44CB-A9BB-1EF8803483EF},TVSM_Library@adlx\PreSetup_Cooling_Fan.blkx
TVSM_Library,COOLING_FAN,MainLibrary.Serial,PostSetup_Cooling_Fan,{DB0D03ED-9F95-4716-B375-762F4F5220C3},TVSM_Library@adlx\PostSetup_Cooling_Fan.blkx
TVSM_Library,COOLING_FAN,MainLibrary.Serial,SET_CHECK_COOL_FAN_OFF_RELAY_STATUS,{9B028617-F082-473F-B17E-CFCED287C59C},TVSM_Library@adlx\SET_CHECK_COOL_FAN_OFF_RELAY_STATUS.blkx
TVSM_Library,COOLING_FAN,MainLibrary.Serial,SET_CHECK_COOL_FAN_ON_REALY_STATUS,{0955B993-A80B-410B-AC19-EF930D1A4BA1},TVSM_Library@adlx\SET_CHECK_COOL_FAN_ON_REALY_STATUS.blkx
TVSM_Library,COOLING_FAN,MainLibrary.Serial,CHECK_COOL_FAN_REALY_STATUS,{687100D2-3C64-4638-915D-27D8DE947478},TVSM_Library@adlx\CHECK_COOL_FAN_REALY_STATUS.blkx
TVSM_Library,COOLING_FAN,MainLibrary.Serial,SET_CHECK_COOL_FAN_ON,{4EBDD025-6F92-4B0D-BE3E-807F760E5B1D},TVSM_Library@adlx\SET_CHECK_COOL_FAN_ON.blkx
TVSM_Library,COOLING_FAN,MainLibrary.Serial,SET_CHECK_COOL_FAN_OFF,{EB0E43C2-C4F1-433B-9A96-04EC89D2539C},TVSM_Library@adlx\SET_CHECK_COOL_FAN_OFF.blkx
TVSM_Library,COOLING_FAN,MainLibrary.Serial,CHECK_COOL_FAN_ICON,{48F4735C-A839-4F26-B80D-C050E6C3B808},TVSM_Library@adlx\CHECK_COOL_FAN_ICON.blkx
TVSM_Library,COOLING_FAN,MainLibrary.Serial,Cooling_Check_Steps,{C3A35142-C2D4-49F7-B55A-3423AE1BCCDB},TVSM_Library@adlx\Cooling_Check_Steps.blkx
TVSM_Library,HORN_FEATURE,MainLibrary.Serial,STEP_PRECONDITION_HORN,{9CFEB11A-BC63-4159-8A32-E25A0301D266},TVSM_Library@adlx\STEP_PRECONDITION_HORN.blkx
TVSM_Library,HORN_FEATURE,MainLibrary.Serial,STEP_POSTCONDITION_HORN,{284EF70D-1F07-439A-B279-7C222EA1B5EE},TVSM_Library@adlx\STEP_POSTCONDITION_HORN.blkx
TVSM_Library,HORN_FEATURE,MainLibrary.Serial,STEP_PRECONDITION_HORN_1,{DCB050AB-3CEB-4964-AB16-6D114618FD95},TVSM_Library@adlx\STEP_PRECONDITION_HORN_1.blkx
TVSM_Library,HORN_FEATURE,MainLibrary.Serial,STEP_POSTCONDITION_HORN_1,{6276EBE9-2068-4C6E-9830-3294BB6B1C7B},TVSM_Library@adlx\STEP_POSTCONDITION_HORN_1.blkx
TVSM_Library,HORN_FEATURE,MainLibrary.Serial,SET_CHECK_HORN_ON,{C9675D0C-0570-47D5-86D5-3D92518DB902},TVSM_Library@adlx\SET_CHECK_HORN_ON.blkx
TVSM_Library,HORN_FEATURE,MainLibrary.Serial,SET_CHECK_HORN_OFF,{65CCC41F-F2A4-490C-A0A2-32AD80C5E19E},TVSM_Library@adlx\SET_CHECK_HORN_OFF.blkx
TVSM_Library,HORN_FEATURE,MainLibrary.Sleep,Sleep,{F9DBBF12-961C-421A-81CA-21C262F6867F},TVSM_Library@adlx\Sleep.blkx
TVSM_Library,HORN_FEATURE,FrameworkBuilder.Frame,Step1,{F8999559-B3CA-4B76-8E8A-2C4EE3652903},TVSM_Library@adlx\Step1.blkx
TVSM_Library,HORN_FEATURE,MainLibrary.Serial,SET_HORN_ON,{EB85EAFA-6856-4EA7-8211-BBAA888671BC},TVSM_Library@adlx\SET_HORN_ON.blkx
TVSM_Library,HORN_FEATURE,MainLibrary.Serial,CHECK_HORN_ON,{E3FACD39-19CF-43AB-AE5B-7B46BBABE5C4},TVSM_Library@adlx\CHECK_HORN_ON.blkx
TVSM_Library,HORN_FEATURE,MainLibrary.Serial,SET_CHECK_KEYLESS_FOB_UNLOCK[1],{D644B725-AC15-406A-B9E0-8517C3CC531D},TVSM_Library@adlx\SET_CHECK_KEYLESS_FOB_UNLOCK[1].blkx
TVSM_Library,HORN_FEATURE,MainLibrary.Serial,SET_CHECK_KEYLESS_FOB_UNLOCK[0],{552EEF6B-F19E-407F-A51C-C2DF886ABBB9},TVSM_Library@adlx\SET_CHECK_KEYLESS_FOB_UNLOCK[0].blkx
TVSM_Library,HORN_FEATURE,MainLibrary.Serial,SET_CHECK_FOB_COMMAND_HANDLEBAR_UNLOCK[1],{161A2068-3728-4125-AB1B-F4C73793BAC6},TVSM_Library@adlx\SET_CHECK_FOB_COMMAND_HANDLEBAR_UNLOCK[1].blkx
TVSM_Library,HORN_FEATURE,MainLibrary.Serial,SET_CHECK_FOB_COMMAND_HORN_UNLOCK[0],{40E7241A-AEDB-4123-8EC7-020E6124EA67},TVSM_Library@adlx\SET_CHECK_FOB_COMMAND_HORN_UNLOCK[0].blkx
TVSM_Library,HORN_FEATURE,MainLibrary.Serial,SET_CHECK_KEYLESS_FOB_FINDME_WAKEUP[1],{29FD8D5D-08E5-42D0-B4EF-BC96D7E270DB},TVSM_Library@adlx\SET_CHECK_KEYLESS_FOB_FINDME_WAKEUP[1].blkx
TVSM_Library,HORN_FEATURE,MainLibrary.Serial,SET_CHECK_KEYLESS_FOB_FINDME_WAKEUP[0],{C22A3012-941C-4B43-95E5-56FCCFEBA72A},TVSM_Library@adlx\SET_CHECK_KEYLESS_FOB_FINDME_WAKEUP[0].blkx
TVSM_Library,HORN_FEATURE,MainLibrary.Serial,SET_CHECK_KEYLESS_FOB_FIND_ME_WAKEUP_MOBILE[1],{4A5F2527-22E7-46DA-B9F6-193D138B5292},TVSM_Library@adlx\SET_CHECK_KEYLESS_FOB_FIND_ME_WAKEUP_MOBILE[1].blkx
TVSM_Library,HORN_FEATURE,MainLibrary.Serial,SET_CHECK_KEYLESS_FOB_FIND_ME_WAKEUP_MOBILE[0],{CB6372DF-201B-423F-9EAE-5309AAD4FC06},TVSM_Library@adlx\SET_CHECK_KEYLESS_FOB_FIND_ME_WAKEUP_MOBILE[0].blkx
TVSM_Library,HORN_FEATURE,MainLibrary.Serial,SIMULATION_OF_HORN_FAILURE,{8A7B19F5-D8E4-4465-A18C-8F537164A565},TVSM_Library@adlx\SIMULATION_OF_HORN_FAILURE.blkx
TVSM_Library,HORN_FEATURE,MainLibrary.Serial,REMOVAL_OF_HORN_FAILURE,{B09903CE-1A35-417F-8E78-235F81C98C49},TVSM_Library@adlx\REMOVAL_OF_HORN_FAILURE.blkx
TVSM_Library,Battery_Module,MainLibrary.Exec,Simulating_Battery_Voltage,{D09ECA51-D114-47EE-B254-0447F174A132},TVSM_Library@adlx\Simulating_Battery_Voltage.blkx
TVSM_Library,Engine_Temperature_Module,MainLibrary.Exec,SetAndCheck_Engine_Temperature,{A036DC52-2FC0-4D8C-975A-5A57EAA93477},TVSM_Library@adlx\SetAndCheck_Engine_Temperature.blkx
TVSM_Library,Low_Battery_Warning,MainLibrary.Exec,Simulating_RSD,{F71357C7-FE4F-4499-92EA-88582493F2D9},TVSM_Library@adlx\Simulating_RSD.blkx
TVSM_Library,Side_Stand_Module,MainLibrary.Exec,Check_cluster_through_Camera,{ABA422CB-F3DB-402C-AB54-7849C12F763C},TVSM_Library@adlx\Check_cluster_through_Camera.blkx
TVSM_Library,Side_Stand_Module,MainLibrary.Exec,Side_stand_eror_check,{391DF4D7-5100-4E14-AC5E-F18E990852F7},TVSM_Library@adlx\Side_stand_eror_check.blkx
TVSM_Library,Side_Stand_Module,MainLibrary.Exec,Simulating_Side_stand_error,{B2B9DB45-2592-4794-B7B7-872B35F8DF85},TVSM_Library@adlx\Simulating_Side_stand_error.blkx
TVSM_Library,Side_Stand_Module,MainLibrary.Exec,Engine_Stall_Status,{EBA4EE73-5239-4697-B192-989A904EB982},TVSM_Library@adlx\Engine_Stall_Status.blkx
TVSM_Library,Side_Stand_Module,MainLibrary.Exec,Side_Stand_Error_Check,{E2E15DD1-39A1-4361-80CF-F0D178BC3FB8},TVSM_Library@adlx\Side_Stand_Error_Check.blkx
TVSM_Library,Side_Stand_Module,MainLibrary.Exec,Simulating_Side_Stand_Switch,{749A4C11-C47C-4441-BD0C-118AAF0D1E12},TVSM_Library@adlx\Simulating_Side_Stand_Switch.blkx
TVSM_Library,Side_Stand_Module,MainLibrary.Exec,Check_Vehicle_Speed,{65C1D6FC-8F50-4934-859D-CF86B2202911},TVSM_Library@adlx\Check_Vehicle_Speed.blkx
TVSM_Library,Side_Stand_Module,MainLibrary.Exec,Simulating_Battery_Voltage1,{4564FC91-A6B6-42A8-9E53-9780477D3C01},TVSM_Library@adlx\Simulating_Battery_Voltage1.blkx
TVSM_Library,Side_Stand_Module,MainLibrary.Exec,Simulating_Side_Stand_Sensor,{18E7BE7E-F00E-4820-B614-37E70D620760},TVSM_Library@adlx\Simulating_Side_Stand_Sensor.blkx
TVSM_Library,Acceleration_Module,MainLibrary.Exec,Simulating_Acceleration,{D69C5A12-B2F1-4B97-AC50-FA71BCB24762},TVSM_Library@adlx\Simulating_Acceleration.blkx
TVSM_Library,Postconditions,MainLibrary.Serial,postcondition1 - to be modified,{CA057032-B924-4F64-9AA9-CCC4CB5DF80E},TVSM_Library@adlx\postcondition1 - to be modified.blkx
TVSM_Library,Set_and_Check_Mode_via_Switches,MainLibrary.Exec,Set_ride_mode_via_switches - TBD,{9A82A77F-D4FD-413E-9AAE-2448AEE45B9D},TVSM_Library@adlx\Set_ride_mode_via_switches - TBD.blkx
TVSM_Library,DID_Module/DID_Sub_Module,MainLibrary.Serial,MDID_Tester_Present,{09FC4843-496C-4BEC-BC4A-2022F23E5907},TVSM_Library@adlx\MDID_Tester_Present.blkx
TVSM_Library,DID_Module/DID_Sub_Module,MainLibrary.Serial,MDID,{42525AB7-1D70-4004-8C4F-3C265CA226D3},TVSM_Library@adlx\MDID.blkx
TVSM_Library,DID_Module/DID_Sub_Module,MainLibrary.Serial,Report,{B2D70AB5-828F-4BC7-B42A-8D4EAB3C5DDE},TVSM_Library@adlx\Report.blkx
TVSM_Library,DID_Module/DID_Sub_Module,MainLibrary.Serial,MDID_Tester_Present_Report,{430B36BF-5CD4-46C9-95FB-1EF46B8AEAE1},TVSM_Library@adlx\MDID_Tester_Present_Report.blkx
TVSM_Library,DID_Module/DID_Sub_Module/IO_Services,MainLibrary.Serial,Battery_Voltage,{8FF8138C-42CA-47A9-90CF-AF29FBCA129B},TVSM_Library@adlx\Battery_Voltage.blkx
TVSM_Library,DID_Module/DID_Sub_Module/IO_Services,MainLibrary.Serial,Fuel_Level,{6435EC2D-FC64-4B52-A907-0629128D6375},TVSM_Library@adlx\Fuel_Level.blkx
TVSM_Library,DID_Module/DID_Sub_Module/IO_Services,MainLibrary.Serial,TestCase_First,{2F13F27D-6E54-411C-B721-BAA90E053097},TVSM_Library@adlx\TestCase_First.blkx
TVSM_Library,DID_Module/DID_Sub_Module/IO_Services,MainLibrary.Serial,TestCase_Second,{02082EC6-6D5F-4059-B2D1-95DA2C365203},TVSM_Library@adlx\TestCase_Second.blkx
TVSM_Library,DID_Module/DID_Sub_Module/IO_Services,MainLibrary.Serial,Fuel_Level_Sensor,{51030EB7-3C5C-4306-A340-4F5B2C321A1D},TVSM_Library@adlx\Fuel_Level_Sensor.blkx
TVSM_Library,DID_Module/DID_Sub_Module,FrameworkBuilder.Frame,TestBlock(2E)_Disconnect_ig_Bat,{5BDD54EA-5B8E-4BC0-9764-E855671F4919},TVSM_Library@adlx\TestBlock(2E)_Disconnect_ig_Bat.blkx
TVSM_Library,DID_Module/DID_Sub_Module,FrameworkBuilder.Frame,Check,{C2EFE9E6-6728-4823-9CC4-8A50F306B2DB},TVSM_Library@adlx\Check.blkx
TVSM_Library,DID_Module/DID_Sub_Module,FrameworkBuilder.Frame,TestCase1,{09D4320A-E227-443B-8C1A-BBC2873431FA},TVSM_Library@adlx\TestCase1.blkx
TVSM_Library,DID_Module/DID_Sub_Module,FrameworkBuilder.Frame,TestCase_Bat,{D211CA3F-29E7-4D48-8BF4-A489C4CAE849},TVSM_Library@adlx\TestCase_Bat.blkx
TVSM_Library,DID_Module/DID_Sub_Module,FrameworkBuilder.Frame,TestCase_Ignition,{94E56E28-863C-4AF3-9481-A3E1B44931E8},TVSM_Library@adlx\TestCase_Ignition.blkx
TVSM_Library,DID_Module/DID_Sub_Module,FrameworkBuilder.Frame,TestCase_11_12,{EEED7E2D-7867-49F7-9F93-A72A9A60E4C1},TVSM_Library@adlx\TestCase_11_12.blkx
TVSM_Library,DID_Module/DID_Sub_Module,FrameworkBuilder.Frame,TestBlock_Stop_Testerpresent,{FA676EC1-70D1-4F25-A0BF-55BD868F92C1},TVSM_Library@adlx\TestBlock_Stop_Testerpresent.blkx
TVSM_Library,DID_Module/DID_Sub_Module/Supply,FrameworkBuilder.Frame,ECU_Sleep,{B17E1A46-13A2-4EFF-B2C9-C1A87CBEB154},TVSM_Library@adlx\ECU_Sleep.blkx
TVSM_Library,DID_Module/DID_Sub_Module/Supply,FrameworkBuilder.Frame,Battery_Disconnection,{0DB79875-A96D-4522-B43C-0B8419C2AFC8},TVSM_Library@adlx\Battery_Disconnection.blkx
TVSM_Library,DID_Module/DID_Sub_Module/Supply,FrameworkBuilder.Frame,Ign_ON_OFF,{AB7A40AD-C769-498C-9E15-15097F47987D},TVSM_Library@adlx\Ign_ON_OFF.blkx
TVSM_Library,TSL,FrameworkBuilder.Frame,TSL_Initlization,{C1F9F177-912A-4A1A-9DE3-9057534D0627},TVSM_Library@adlx\TSL_Initlization.blkx
TVSM_Library,TSL,FrameworkBuilder.Frame,TSL_Release,{71EDACF9-A777-48B5-905D-CC9BB2E83455},TVSM_Library@adlx\TSL_Release.blkx
TVSM_Library,TSL,FrameworkBuilder.Frame,Both_OFF,{91366027-3AD4-4912-BBA1-BFEB663BEEAE},TVSM_Library@adlx\Both_OFF.blkx
TVSM_Library,TSL,FrameworkBuilder.Frame,Hazard_ON,{3E3384AA-BFFC-4F15-BC15-74E33BB80126},TVSM_Library@adlx\Hazard_ON.blkx
TVSM_Library,TSL,FrameworkBuilder.Frame,Hazard_OFF,{87998F07-D725-4F6D-8007-3F68139AD320},TVSM_Library@adlx\Hazard_OFF.blkx
TVSM_Library,TSL,FrameworkBuilder.Frame,Left_ON,{48C73C4A-B99C-4907-ADC8-98AE38554113},TVSM_Library@adlx\Left_ON.blkx
TVSM_Library,TSL,FrameworkBuilder.Frame,Left_OFF,{B4DD66EB-F984-4395-BEDE-92AF6520E76B},TVSM_Library@adlx\Left_OFF.blkx
TVSM_Library,TSL,FrameworkBuilder.Frame,Right_ON,{E06BBF3B-7EC9-43A9-9900-52FE6CEE9BF3},TVSM_Library@adlx\Right_ON.blkx
TVSM_Library,TSL,FrameworkBuilder.Frame,Right_OFF,{5F829663-C776-43F0-AEBD-B177035F636E},TVSM_Library@adlx\Right_OFF.blkx
TVSM_Library,TSL,FrameworkBuilder.Frame,TSL_Left_OC,{D25D085B-5B78-4FEF-A150-25B11FBF7643},TVSM_Library@adlx\TSL_Left_OC.blkx
TVSM_Library,TSL,FrameworkBuilder.Frame,TSL_Right_OC,{2ACB0435-21DB-4B46-9CDF-E66A33132EE5},TVSM_Library@adlx\TSL_Right_OC.blkx
TVSM_Library,TSL,FrameworkBuilder.Frame,Right_LongPress,{8E6531AB-B8A5-4E4B-8CF4-BD3E7505B366},TVSM_Library@adlx\Right_LongPress.blkx
TVSM_Library,TSL,FrameworkBuilder.Frame,Right_ShortPress,{828B435B-F34D-4F39-86FE-6BF2F4AE17FD},TVSM_Library@adlx\Right_ShortPress.blkx
TVSM_Library,TSL,MainLibrary.Serial,STEP_TSL_PRECONDITIONS,{EBFF4737-BFE3-4D61-AF59-2F7E7F441C77},TVSM_Library@adlx\STEP_TSL_PRECONDITIONS.blkx
TVSM_Library,TSL,MainLibrary.Serial,STEP_TSL_POSTCONDITIONS,{A77602FE-EEE4-4E22-AD15-D5E3D1D975C4},TVSM_Library@adlx\STEP_TSL_POSTCONDITIONS.blkx
TVSM_Library,TSL,MainLibrary.Serial,SET_CHECK_LEFT_ON,{DE715FEF-DBFB-4F1A-8729-E820ADF9980A},TVSM_Library@adlx\SET_CHECK_LEFT_ON.blkx
TVSM_Library,TSL,MainLibrary.Serial,SET_CHECK_LEFT_OFF,{E0549728-5AAA-4DD0-8D62-BEC7B0318C50},TVSM_Library@adlx\SET_CHECK_LEFT_OFF.blkx
TVSM_Library,TSL,MainLibrary.Serial,CHECK_LEFT_INDICATOR_REAR_FREQUENCY,{04B58EBD-921A-4F3F-AA2D-0B8169A2E296},TVSM_Library@adlx\CHECK_LEFT_INDICATOR_REAR_FREQUENCY.blkx
TVSM_Library,TSL,MainLibrary.Serial,CHECK_LEFT_INDICATOR_FRONT_FREQUENCY,{87C057A7-CB05-43B0-BAC1-3A38BC0D3862},TVSM_Library@adlx\CHECK_LEFT_INDICATOR_FRONT_FREQUENCY.blkx
TVSM_Library,TSL,MainLibrary.Serial,CHECK_LEFT_TELLTALE_FREQUENCY,{D40CF679-5655-4978-805F-084B140D65F5},TVSM_Library@adlx\CHECK_LEFT_TELLTALE_FREQUENCY.blkx
TVSM_Library,TSL,MainLibrary.Serial,CHECK_LEFT_INDICATOR_BT,{D1F439EF-72CB-44BB-BD67-A648C7291893},TVSM_Library@adlx\CHECK_LEFT_INDICATOR_BT.blkx
TVSM_Library,TSL,MainLibrary.Serial,SET_CHECK_SHORT_PRESS_LEFT_ON,{EE8A69F7-E6AA-44EE-9AF1-D51AE8E233A0},TVSM_Library@adlx\SET_CHECK_SHORT_PRESS_LEFT_ON.blkx
TVSM_Library,TSL,MainLibrary.Serial,SET_CHECK_LONG_PRESS_LEFT_ON,{A4351215-1D48-4FF2-A8ED-9D45EFF33B38},TVSM_Library@adlx\SET_CHECK_LONG_PRESS_LEFT_ON.blkx
TVSM_Library,TSL,MainLibrary.Serial,SET_CHECK_RIGHT_ON,{E8C3E6A3-DC6E-409F-91B2-47FEF8EBB856},TVSM_Library@adlx\SET_CHECK_RIGHT_ON.blkx
TVSM_Library,TSL,MainLibrary.Serial,SET_CHECK_RIGHT_OFF,{37D8224C-28A4-4317-AE0D-FBEFF263D56C},TVSM_Library@adlx\SET_CHECK_RIGHT_OFF.blkx
TVSM_Library,TSL,MainLibrary.Serial,CHECK_RIGHT_INDICATOR_REAR_FREQUENCY,{54FEFD19-742B-4004-B2B6-E6CC62DB1BA0},TVSM_Library@adlx\CHECK_RIGHT_INDICATOR_REAR_FREQUENCY.blkx
TVSM_Library,TSL,MainLibrary.Serial,CHECK_RIGHT_INDICATOR_FRONT_FREQUENCY,{FFE6022C-C32F-4958-A222-0DD4DFA024C0},TVSM_Library@adlx\CHECK_RIGHT_INDICATOR_FRONT_FREQUENCY.blkx
TVSM_Library,TSL,MainLibrary.Serial,CHECK_RIGHT_TELLTALE_FREQUENCY,{10080FDB-D069-4B2C-990D-12C62C24C8F5},TVSM_Library@adlx\CHECK_RIGHT_TELLTALE_FREQUENCY.blkx
TVSM_Library,TSL,MainLibrary.Serial,CHECK_RIGHT_INDICATOR_BT,{4114B639-CA7F-4642-8654-29D30D66A3AC},TVSM_Library@adlx\CHECK_RIGHT_INDICATOR_BT.blkx
TVSM_Library,TSL,MainLibrary.Serial,SET_CHECK_SHORT_PRESS_RIGHT_ON,{CFD90BFC-9EAA-4EA3-852B-38C61F5E1658},TVSM_Library@adlx\SET_CHECK_SHORT_PRESS_RIGHT_ON.blkx
TVSM_Library,TSL,MainLibrary.Serial,SET_CHECK_LONG_PRESS_RIGHT_ON,{1549CC8A-D517-4126-ABA9-3030A62966A5},TVSM_Library@adlx\SET_CHECK_LONG_PRESS_RIGHT_ON.blkx
TVSM_Library,TSL,MainLibrary.Serial,SET_CHECK_HAZARD_ON,{F023556B-4325-494A-9393-6E61E9E71331},TVSM_Library@adlx\SET_CHECK_HAZARD_ON.blkx
TVSM_Library,TSL,MainLibrary.Serial,SET_CHECK_HAZARD_OFF,{06C30CA7-358B-496D-9B70-BE6FB91AC586},TVSM_Library@adlx\SET_CHECK_HAZARD_OFF.blkx
TVSM_Library,TSL,MainLibrary.Serial,CHECK_HAZARD_BT,{1307C98B-C2AC-4130-9A7E-6D10C7F3D26B},TVSM_Library@adlx\CHECK_HAZARD_BT.blkx
TVSM_Library,TSL,MainLibrary.Serial,SET_CHECK_LONG_PRESS_HAZARD_ON,{8483E109-F69A-48E7-9C5F-7EFE7703F44F},TVSM_Library@adlx\SET_CHECK_LONG_PRESS_HAZARD_ON.blkx
TVSM_Library,TSL,MainLibrary.Serial,SET_CHECK_SHORT_PRESS_HAZARD_ON,{332029BF-5861-4929-B4E5-9544FFB8DF37},TVSM_Library@adlx\SET_CHECK_SHORT_PRESS_HAZARD_ON.blkx
TVSM_Library,TSL,MainLibrary.Serial,SET_FIU_OC_TSL_L_R,{81943A2D-C1B9-406D-BD35-38E01057973E},TVSM_Library@adlx\SET_FIU_OC_TSL_L_R.blkx
TVSM_Library,TSL,MainLibrary.Serial,SET_FIU_OC_TSL_L_F,{5BEB45BE-77C2-4F7E-8647-651E909506B4},TVSM_Library@adlx\SET_FIU_OC_TSL_L_F.blkx
TVSM_Library,TSL,MainLibrary.Serial,SET_FIU_OC_TSL_R_F,{E3129713-38FD-439A-AD32-5EAFB7B81DB8},TVSM_Library@adlx\SET_FIU_OC_TSL_R_F.blkx
TVSM_Library,TSL,MainLibrary.Serial,SET_FIU_OC_TSL_R_R,{8E284D27-5C15-46B8-8FAD-BADCA41ED0FB},TVSM_Library@adlx\SET_FIU_OC_TSL_R_R.blkx
TVSM_Library,TSL,MainLibrary.Serial,STEP_HAZARD_ON,{C7E3C9C1-0C03-4012-843E-2CE64F5808A9},TVSM_Library@adlx\STEP_HAZARD_ON.blkx
TVSM_Library,TSL,MainLibrary.Serial,STEP_TSL_L_ON,{0B227663-9681-43D0-898E-8DE750615460},TVSM_Library@adlx\STEP_TSL_L_ON.blkx
TVSM_Library,TSL,MainLibrary.Serial,STEP_TSL_R_ON,{3B2543D9-4C72-4075-8925-0541C7167847},TVSM_Library@adlx\STEP_TSL_R_ON.blkx
TVSM_Library,TSL,MainLibrary.Serial,PreSetup,{00D32A34-B99F-4DE9-8318-196C7C8A05DF},TVSM_Library@adlx\PreSetup.blkx
TVSM_Library,TSL,MainLibrary.Serial,PostSetup,{AF3DBA28-4331-4F55-8A68-FA32AC958BE3},TVSM_Library@adlx\PostSetup.blkx
TVSM_Library,COMTests,MainLibrary.Serial,CHECK_CAN_BUS_OFF_ON,{B48CB8C9-C258-4F99-8DCA-D4B11BA366FD},TVSM_Library@adlx\CHECK_CAN_BUS_OFF_ON.blkx
TVSM_Library,COMTests,MainLibrary.Serial,CLUSTER_CAN_INVALID_CRC_ON,{9A34571C-F3BA-4297-B3B4-2F574E74C48F},TVSM_Library@adlx\CLUSTER_CAN_INVALID_CRC_ON.blkx
TVSM_Library,COMTests,MainLibrary.Serial,CLUSTER_CAN_INVALID_CRC_OFF,{60A522E5-DE12-4B4E-8A22-7ABF82C5E1A8},TVSM_Library@adlx\CLUSTER_CAN_INVALID_CRC_OFF.blkx
TVSM_Library,COMTests,MainLibrary.Serial,CHECK_CLUSTER_CRC_ERROR,{AA1D1650-6334-41B9-96D4-9501BF43CFDE},TVSM_Library@adlx\CHECK_CLUSTER_CRC_ERROR.blkx
TVSM_Library,COMTests,MainLibrary.Serial,CHECK_CLUSTER_DTC,{D5235D14-D67B-44F1-A2AE-EA5CF9127F42},TVSM_Library@adlx\CHECK_CLUSTER_DTC.blkx
TVSM_Library,COMTests,MainLibrary.Serial,CLUSTER_CAN_DLC_ERROR_ON,{6EA36572-0246-4A74-AB36-3D6CF98B5FDF},TVSM_Library@adlx\CLUSTER_CAN_DLC_ERROR_ON.blkx
TVSM_Library,COMTests,MainLibrary.Serial,CLUSTER_CAN_DLC_ERROR_OFF,{AD5C4318-5A19-469C-B071-1F61DC91908F},TVSM_Library@adlx\CLUSTER_CAN_DLC_ERROR_OFF.blkx
TVSM_Library,COMTests,MainLibrary.Serial,CHECK_CLUSTER_DLC_ERROR,{3F1E6DCD-22E8-49A0-A903-4EAB60B9F7BB},TVSM_Library@adlx\CHECK_CLUSTER_DLC_ERROR.blkx
TVSM_Library,COMTests,MainLibrary.Serial,CLUSTER_CAN_ALIVE_COUNTER_ERROR_OFF,{AC77BA93-146C-458F-BA21-2D0BB19F1EBF},TVSM_Library@adlx\CLUSTER_CAN_ALIVE_COUNTER_ERROR_OFF.blkx
TVSM_Library,COMTests,MainLibrary.Serial,CLUSTER_CAN_ALIVE_COUNTER_ERROR_ON,{95A6A09D-B2E9-443D-A65C-B74BBCD25BDE},TVSM_Library@adlx\CLUSTER_CAN_ALIVE_COUNTER_ERROR_ON.blkx
TVSM_Library,COMTests,MainLibrary.Serial,CHECK_CLUSTER_ALIVE_COUNTER_ERROR,{90E6AFE2-3B86-49B5-AFD1-4755443A78F6},TVSM_Library@adlx\CHECK_CLUSTER_ALIVE_COUNTER_ERROR.blkx
TVSM_Library,COMTests,MainLibrary.Serial,CLUSTER_CAN_DUPLICATE_FRAME_ERROR_OFF,{F36C12EE-DA32-4F0E-BA28-29AA888418D8},TVSM_Library@adlx\CLUSTER_CAN_DUPLICATE_FRAME_ERROR_OFF.blkx
TVSM_Library,COMTests,MainLibrary.Serial,CLUSTER_CAN_DUPLICATE_FRAME_ERROR_ON,{6AE094CC-09A7-4DED-8E83-262BB3D07FF7},TVSM_Library@adlx\CLUSTER_CAN_DUPLICATE_FRAME_ERROR_ON.blkx
TVSM_Library,COMTests,MainLibrary.Serial,CHECK_CLUSTER_CAN_DUPLICATE_FRAME_ERROR,{2CEDE314-2A12-4BC9-B0BA-45F9DEC0B455},TVSM_Library@adlx\CHECK_CLUSTER_CAN_DUPLICATE_FRAME_ERROR.blkx
TVSM_Library,COMTests,MainLibrary.Serial,CLUSTER_CAN_BUSOFF_RECOVERY_ERROR_ON,{8A9DDC63-0F15-443C-83B6-3204380EF68D},TVSM_Library@adlx\CLUSTER_CAN_BUSOFF_RECOVERY_ERROR_ON.blkx
TVSM_Library,COMTests,MainLibrary.Serial,CLUSTER_CAN_BUSOFF_RECOVERY_ERROR_OFF,{551E81D2-3DCF-4D16-B524-8B02EE04488E},TVSM_Library@adlx\CLUSTER_CAN_BUSOFF_RECOVERY_ERROR_OFF.blkx
TVSM_Library,COMTests,MainLibrary.Serial,CHECK_CLUSTER_CAN_BUSOFF_RECOVERY,{7DFE64E1-C6AF-4194-854D-F36A990A9317},TVSM_Library@adlx\CHECK_CLUSTER_CAN_BUSOFF_RECOVERY.blkx
TVSM_Library,COMTests,MainLibrary.Serial,CLUSTER_CAN_FORMAT_ERROR_ON,{17C3B766-534C-40A0-8F76-1002D3D4E253},TVSM_Library@adlx\CLUSTER_CAN_FORMAT_ERROR_ON.blkx
TVSM_Library,COMTests,MainLibrary.Serial,CLUSTER_CAN_FORMAT_ERROR_OFF,{A3AF0D33-DD6D-489F-939D-939110BD7F85},TVSM_Library@adlx\CLUSTER_CAN_FORMAT_ERROR_OFF.blkx
TVSM_Library,COMTests,MainLibrary.Serial,CHECK_CLUSTER_CAN_FORMAT_ERROR,{BFAA4FA6-3620-4AB9-B87D-41AD07A2E4A7},TVSM_Library@adlx\CHECK_CLUSTER_CAN_FORMAT_ERROR.blkx
TVSM_Library,COMTests,MainLibrary.Serial,CLUSTER_CAN_BIT_ERROR_OFF,{2BAA99C8-4FEE-47FC-9E87-9F0A1252A49A},TVSM_Library@adlx\CLUSTER_CAN_BIT_ERROR_OFF.blkx
TVSM_Library,COMTests,MainLibrary.Serial,CHECK_CLUSTER_CAN_BIT_ERROR,{8AC58FB4-E74F-41CB-A124-CE52D80555B8},TVSM_Library@adlx\CHECK_CLUSTER_CAN_BIT_ERROR.blkx
TVSM_Library,COMTests,MainLibrary.Serial,CLUSTER_CAN_BIT_ERROR_ON,{42401B5F-D5DE-453D-9636-EF167E409EFC},TVSM_Library@adlx\CLUSTER_CAN_BIT_ERROR_ON.blkx
TVSM_Library,COMTests,MainLibrary.Serial,CLUSTER_CAN_BIT_RATE_MISMATCH_ON,{84F345EC-FA6E-48D9-8BD3-A317BF15983B},TVSM_Library@adlx\CLUSTER_CAN_BIT_RATE_MISMATCH_ON.blkx
TVSM_Library,COMTests,MainLibrary.Serial,CLUSTER_CAN_BIT_RATE_MISMATCH_OFF,{E2081C5F-088C-4820-B1AE-A5493B3E2573},TVSM_Library@adlx\CLUSTER_CAN_BIT_RATE_MISMATCH_OFF.blkx
TVSM_Library,COMTests,MainLibrary.Serial,CHECK_CLUSTER_CAN_BIT_RATE_MISMATCH,{F684F953-476C-42AB-A329-697CDAE80FBF},TVSM_Library@adlx\CHECK_CLUSTER_CAN_BIT_RATE_MISMATCH.blkx
TVSM_Library,COMTests,MainLibrary.Serial,CLUSTER_CAN_ID_ERROR_ON,{D330C45E-6BC0-45B2-8B5C-E394A2850371},TVSM_Library@adlx\CLUSTER_CAN_ID_ERROR_ON.blkx
TVSM_Library,COMTests,MainLibrary.Serial,CLUSTER_CAN_ID_ERROR_OFF,{B305888E-0CDA-4E2E-9E15-85C65B91BC59},TVSM_Library@adlx\CLUSTER_CAN_ID_ERROR_OFF.blkx
TVSM_Library,COMTests,MainLibrary.Serial,CHECK_CLUSTER_CAN_ID_ERROR,{022AFA1C-5DC4-4CE0-87B5-A352CB8A589D},TVSM_Library@adlx\CHECK_CLUSTER_CAN_ID_ERROR.blkx
TVSM_Library,COMTests,MainLibrary.Serial,CLUSTER_CAN_CYCLIC_ERROR_ON,{26B8D37C-D8AA-4CA8-9D94-0480D91B78A5},TVSM_Library@adlx\CLUSTER_CAN_CYCLIC_ERROR_ON.blkx
TVSM_Library,COMTests,MainLibrary.Serial,CLUSTER_CAN_CYCLIC_ERROR_OFF,{BF1248CF-A31F-47BC-862D-80B057689FF3},TVSM_Library@adlx\CLUSTER_CAN_CYCLIC_ERROR_OFF.blkx
TVSM_Library,COMTests,MainLibrary.Serial,CHECK_CLUSTER_CYCLIC_ERROR,{348BFD2B-8C87-4EC9-AD82-7661A6D0352A},TVSM_Library@adlx\CHECK_CLUSTER_CYCLIC_ERROR.blkx
TVSM_Library,COMTests,MainLibrary.Serial,CLUSTER_CAN_TIMEOUT_ERROR_ON,{99F5BCEF-7262-4987-8989-A1CA1BB30F7D},TVSM_Library@adlx\CLUSTER_CAN_TIMEOUT_ERROR_ON.blkx
TVSM_Library,COMTests,MainLibrary.Serial,CLUSTER_CAN_TIMEOUT_ERROR_OFF,{2AC8D006-1E08-401C-9F35-A54B55FD2275},TVSM_Library@adlx\CLUSTER_CAN_TIMEOUT_ERROR_OFF.blkx
TVSM_Library,COMTests,MainLibrary.Serial,CHECK_CLUSTER_TIMEOUT_ERROR,{A0BED381-EFB0-4406-A9EB-4E68C19B74BD},TVSM_Library@adlx\CHECK_CLUSTER_TIMEOUT_ERROR.blkx
TVSM_Library,COMTests,MainLibrary.Serial,CLUSTER_CAN_DATA_MISSING_ERROR_ON,{F7A29E20-39ED-47CD-9F84-E812733DDCC5},TVSM_Library@adlx\CLUSTER_CAN_DATA_MISSING_ERROR_ON.blkx
TVSM_Library,COMTests,MainLibrary.Serial,CLUSTER_CAN_DATA_MISSING_ERROR_OFF,{A060CBAB-924C-481B-B649-23D3F7BDF5FF},TVSM_Library@adlx\CLUSTER_CAN_DATA_MISSING_ERROR_OFF.blkx
TVSM_Library,COMTests,MainLibrary.Serial,CHECK_CLUSTER_DATA_MISSING_ERROR,{6AF1E792-09F6-4607-A0EF-26F3D2E3FFF7},TVSM_Library@adlx\CHECK_CLUSTER_DATA_MISSING_ERROR.blkx
TVSM_Library,COMTests,MainLibrary.Serial,CHECK_VCU_BUS_OFF_ON1,{64853DDD-C02D-4D16-BFC5-018D3583AE30},TVSM_Library@adlx\CHECK_VCU_BUS_OFF_ON1.blkx
TVSM_Library,COMTests,MainLibrary.Serial,VCU_CAN_INVALID_CRC_ON1,{71C4FB61-5E79-41C9-9212-71EF482F4F17},TVSM_Library@adlx\VCU_CAN_INVALID_CRC_ON1.blkx
TVSM_Library,COMTests,MainLibrary.Serial,VCU_CAN_INVALID_CRC_OFF1,{B18097ED-06BF-456D-BE73-727A7CE54A1A},TVSM_Library@adlx\VCU_CAN_INVALID_CRC_OFF1.blkx
TVSM_Library,COMTests,MainLibrary.Serial,CHECK_VCU_CRC_ERROR1,{49BEB6A5-6FF3-49FC-A23F-C84EE6225492},TVSM_Library@adlx\CHECK_VCU_CRC_ERROR1.blkx
TVSM_Library,COMTests,MainLibrary.Serial,CHECK_VCU_DTC1,{6E4702C3-2655-4CE8-8E48-AB5F716AAC00},TVSM_Library@adlx\CHECK_VCU_DTC1.blkx
TVSM_Library,COMTests,MainLibrary.Serial,VCU_CAN_DLC_ERROR_ON1,{7720296B-893B-4489-BC23-9090A4BC3CC7},TVSM_Library@adlx\VCU_CAN_DLC_ERROR_ON1.blkx
TVSM_Library,COMTests,MainLibrary.Serial,VCU_CAN_DLC_ERROR_OFF1,{2A85184B-ACAB-45B0-8C57-05EF532160A3},TVSM_Library@adlx\VCU_CAN_DLC_ERROR_OFF1.blkx
TVSM_Library,COMTests,MainLibrary.Serial,CHECK_VCU_DLC_ERROR1,{5575BD8C-CA6B-455F-A0E4-F409468DCD2F},TVSM_Library@adlx\CHECK_VCU_DLC_ERROR1.blkx
TVSM_Library,COMTests,MainLibrary.Serial,VCU_CAN_ALIVE_COUNTER_ERROR_OFF1,{B52080A2-6039-471F-8EA4-0F187A2FFDD0},TVSM_Library@adlx\VCU_CAN_ALIVE_COUNTER_ERROR_OFF1.blkx
TVSM_Library,COMTests,MainLibrary.Serial,VCU_CAN_ALIVE_COUNTER_ERROR_ON1,{C06E4151-3CFC-4782-9F77-64650080CFE3},TVSM_Library@adlx\VCU_CAN_ALIVE_COUNTER_ERROR_ON1.blkx
TVSM_Library,COMTests,MainLibrary.Serial,CHECK_VCU_ALIVE_COUNTER_ERROR1,{47DC4AEF-EC79-4BFC-AFC0-A8AA2F9C819C},TVSM_Library@adlx\CHECK_VCU_ALIVE_COUNTER_ERROR1.blkx
TVSM_Library,COMTests,MainLibrary.Serial,VCU_CAN_DUPLICATE_FRAME_ERROR_OFF1,{AFA65BAC-96AB-41C7-9A2E-6F8C8D4DEB41},TVSM_Library@adlx\VCU_CAN_DUPLICATE_FRAME_ERROR_OFF1.blkx
TVSM_Library,COMTests,MainLibrary.Serial,VCU_CAN_DUPLICATE_FRAME_ERROR_ON1,{B4714C15-DC59-4E72-AF9F-ABE77B7AC70B},TVSM_Library@adlx\VCU_CAN_DUPLICATE_FRAME_ERROR_ON1.blkx
TVSM_Library,COMTests,MainLibrary.Serial,CHECK_VCU_CAN_DUPLICATE_FRAME_ERROR1,{9FFE749F-8159-4A4F-919B-BF77FB15A194},TVSM_Library@adlx\CHECK_VCU_CAN_DUPLICATE_FRAME_ERROR1.blkx
TVSM_Library,COMTests,MainLibrary.Serial,VCU_CAN_BUSOFF_RECOVERY_ERROR_ON1,{97262482-9668-440E-BA81-5B7977A4729A},TVSM_Library@adlx\VCU_CAN_BUSOFF_RECOVERY_ERROR_ON1.blkx
TVSM_Library,COMTests,MainLibrary.Serial,VCU_CAN_BUSOFF_RECOVERY_ERROR_OFF1,{1717E174-2FE8-43C1-BB37-2B4F439EA6FB},TVSM_Library@adlx\VCU_CAN_BUSOFF_RECOVERY_ERROR_OFF1.blkx
TVSM_Library,COMTests,MainLibrary.Serial,CHECK_VCU_CAN_BUSOFF_RECOVERY1,{7D739CA7-59DF-4222-9845-F0B0BA6DF2E1},TVSM_Library@adlx\CHECK_VCU_CAN_BUSOFF_RECOVERY1.blkx
TVSM_Library,COMTests,MainLibrary.Serial,VCU_CAN_FORMAT_ERROR_ON1,{6C0B70DF-B024-4ECD-9E1C-40B983C70361},TVSM_Library@adlx\VCU_CAN_FORMAT_ERROR_ON1.blkx
TVSM_Library,COMTests,MainLibrary.Serial,VCU_CAN_FORMAT_ERROR_OFF1,{F49BD378-B015-43CD-BB31-0717F06F5491},TVSM_Library@adlx\VCU_CAN_FORMAT_ERROR_OFF1.blkx
TVSM_Library,COMTests,MainLibrary.Serial,CHECK_VCU_CAN_FORMAT_ERROR1,{DD28BF57-D5C6-4718-ACD8-B694E3EA336C},TVSM_Library@adlx\CHECK_VCU_CAN_FORMAT_ERROR1.blkx
TVSM_Library,COMTests,MainLibrary.Serial,VCU_CAN_BIT_ERROR_OFF1,{5550B68C-766F-4030-A3EC-3595D2255470},TVSM_Library@adlx\VCU_CAN_BIT_ERROR_OFF1.blkx
TVSM_Library,COMTests,MainLibrary.Serial,CHECK_VCU_CAN_BIT_ERROR1,{E03AD949-D9CB-430F-AB72-2275E93C5518},TVSM_Library@adlx\CHECK_VCU_CAN_BIT_ERROR1.blkx
TVSM_Library,COMTests,MainLibrary.Serial,VCU_CAN_BIT_ERROR_ON1,{D38E0B78-B82B-4844-84A6-6AFF8A9EE02D},TVSM_Library@adlx\VCU_CAN_BIT_ERROR_ON1.blkx
TVSM_Library,COMTests,MainLibrary.Serial,VCU_CAN_BIT_RATE_MISMATCH_ON1,{1AB41841-D826-4DE1-8DD7-6219434115B4},TVSM_Library@adlx\VCU_CAN_BIT_RATE_MISMATCH_ON1.blkx
TVSM_Library,COMTests,MainLibrary.Serial,VCU_CAN_BIT_RATE_MISMATCH_OFF1,{24AD90A2-1446-471E-83E1-C2C6339EA063},TVSM_Library@adlx\VCU_CAN_BIT_RATE_MISMATCH_OFF1.blkx
TVSM_Library,COMTests,MainLibrary.Serial,CHECK_VCU_CAN_BIT_RATE_MISMATCH1,{DDC072F7-45FB-4C95-B4E8-C5B5DA04D001},TVSM_Library@adlx\CHECK_VCU_CAN_BIT_RATE_MISMATCH1.blkx
TVSM_Library,COMTests,MainLibrary.Serial,VCU_CAN_ID_ERROR_ON1,{8CBB5189-7620-464B-A927-C7580071AC7D},TVSM_Library@adlx\VCU_CAN_ID_ERROR_ON1.blkx
TVSM_Library,COMTests,MainLibrary.Serial,VCU_CAN_ID_ERROR_OFF1,{2C02B2D3-80BE-43F6-8B4A-9D494306D4BB},TVSM_Library@adlx\VCU_CAN_ID_ERROR_OFF1.blkx
TVSM_Library,COMTests,MainLibrary.Serial,CHECK_VCU_CAN_ID_ERROR1,{5D5AF76E-433F-49C1-A6F1-B18B7C0329FC},TVSM_Library@adlx\CHECK_VCU_CAN_ID_ERROR1.blkx
TVSM_Library,COMTests,MainLibrary.Serial,VCU_CAN_CYCLIC_ERROR_ON1,{6348B42C-B20C-422D-843A-777E95C2AB62},TVSM_Library@adlx\VCU_CAN_CYCLIC_ERROR_ON1.blkx
TVSM_Library,COMTests,MainLibrary.Serial,VCU_CAN_CYCLIC_ERROR_OFF1,{D701A73A-5DFE-4546-8EA1-BD309DA72959},TVSM_Library@adlx\VCU_CAN_CYCLIC_ERROR_OFF1.blkx
TVSM_Library,COMTests,MainLibrary.Serial,CHECK_VCU_CYCLIC_ERROR1,{6862EFC8-3943-4788-A84F-44817A50CB1C},TVSM_Library@adlx\CHECK_VCU_CYCLIC_ERROR1.blkx
TVSM_Library,COMTests,MainLibrary.Serial,VCU_CAN_TIMEOUT_ERROR_ON1,{AB74CA89-9640-423C-83DF-04F086D82017},TVSM_Library@adlx\VCU_CAN_TIMEOUT_ERROR_ON1.blkx
TVSM_Library,COMTests,MainLibrary.Serial,VCU_CAN_TIMEOUT_ERROR_OFF1,{58C2A01E-2456-4C1E-BEEB-B8859555152B},TVSM_Library@adlx\VCU_CAN_TIMEOUT_ERROR_OFF1.blkx
TVSM_Library,COMTests,MainLibrary.Serial,CHECK_VCU_TIMEOUT_ERROR1,{BB8A600D-C61C-498B-9D4F-C46D1C92A10A},TVSM_Library@adlx\CHECK_VCU_TIMEOUT_ERROR1.blkx
TVSM_Library,COMTests,MainLibrary.Serial,VCU_CAN_DATA_MISSING_ERROR_ON1,{66B77995-DA5C-497A-937C-CE5BABF77F43},TVSM_Library@adlx\VCU_CAN_DATA_MISSING_ERROR_ON1.blkx
TVSM_Library,COMTests,MainLibrary.Serial,VCU_CAN_DATA_MISSING_ERROR_OFF1,{6842CA0C-7569-4B69-A784-693E81B9D93D},TVSM_Library@adlx\VCU_CAN_DATA_MISSING_ERROR_OFF1.blkx
TVSM_Library,COMTests,MainLibrary.Serial,CHECK_VCU_DATA_MISSING_ERROR1,{2A7183F1-17A7-496B-9D7B-18AE7B01F9B0},TVSM_Library@adlx\CHECK_VCU_DATA_MISSING_ERROR1.blkx
TVSM_Library,COMTests,MainLibrary.Serial,SET_FIU_VCU_SCG_CAN_HIGH,{57435B76-A71D-40E2-86DA-AC08FB07141F},TVSM_Library@adlx\SET_FIU_VCU_SCG_CAN_HIGH.blkx
TVSM_Library,COMTests,MainLibrary.Serial,SET_FIU_VCU_SCG_CAN_LOW,{88929BB5-83AF-4DC2-B892-D74D1EA4B1E7},TVSM_Library@adlx\SET_FIU_VCU_SCG_CAN_LOW.blkx
TVSM_Library,Archieve,MainLibrary.Exec,Set_Battery_Voltage_to_13_5,{93D9F056-AFFB-4C99-85DB-993C90E5881A},TVSM_Library@adlx\Set_Battery_Voltage_to_13_5.blkx
TVSM_Library,Archieve,MainLibrary.Exec,Simulating_Ignition,{20A99022-E444-4C3E-B238-189C9CE34E4C},TVSM_Library@adlx\Simulating_Ignition.blkx
TVSM_Library,Archieve,MainLibrary.Exec,SimulatingES_sw,{015169FC-732D-4B23-A1FE-30A2213AD463},TVSM_Library@adlx\SimulatingES_sw.blkx
TVSM_Library,IDLE_CONTROLLER,MainLibrary.Serial,STEP_IDLE_PRECONDITIONS,{E6718896-7348-4462-B492-A614220CD7B6},TVSM_Library@adlx\STEP_IDLE_PRECONDITIONS.blkx
TVSM_Library,IDLE_CONTROLLER,MainLibrary.Serial,STEP_IDLE_POSTCONDITIONS,{23B6303A-97A8-4A48-A5BA-82AB74030E53},TVSM_Library@adlx\STEP_IDLE_POSTCONDITIONS.blkx
TVSM_Library,IDLE_CONTROLLER,MainLibrary.Serial,EMS,{F9B8404F-7C9C-45C2-90EB-5CA3F61F8219},TVSM_Library@adlx\EMS.blkx
TVSM_Library,GPS,MainLibrary.Serial,STEP_PRECONDITION_GPS,{DCFE11C9-EBB7-4AF4-A032-AC230AA43020},TVSM_Library@adlx\STEP_PRECONDITION_GPS.blkx
TVSM_Library,GPS,MainLibrary.Serial,STEP_POSTCONDITION_GPS,{9CBAE4D9-D259-4337-A71D-0C68F29A9C71},TVSM_Library@adlx\STEP_POSTCONDITION_GPS.blkx
TVSM_Library,GPS,MainLibrary.Serial,ENGINE_CAN_SIGNALS,{BE8E4519-0C6A-4BA0-9DFD-E2BA766E5D29},TVSM_Library@adlx\ENGINE_CAN_SIGNALS.blkx
TVSM_Library,BREAKLAMP,MainLibrary.Serial,STEP_PRECONDITION_BRAKE_LIGHT,{A5C0827C-0F95-49A3-BFA3-F91F9F50F1AE},TVSM_Library@adlx\STEP_PRECONDITION_BRAKE_LIGHT.blkx
TVSM_Library,BREAKLAMP,MainLibrary.Serial,STEP_POSTCONDITION_BRAKE_LIGHT,{73F78B8B-80FE-49C7-AF0A-5B043FEB1A3F},TVSM_Library@adlx\STEP_POSTCONDITION_BRAKE_LIGHT.blkx
TVSM_Library,BREAKLAMP,MainLibrary.Serial,BOTH_BRAKES_CLUSTER_SPEED,{B30EB9FA-DABB-4065-809F-7222BE4616F8},TVSM_Library@adlx\BOTH_BRAKES_CLUSTER_SPEED.blkx
TVSM_Library,BREAKLAMP,MainLibrary.Serial,FRONT_BRAKE_CLUSTER_SPEED_CHECK,{9965FD26-1EBB-471A-9EAA-20C3A52A6A7E},TVSM_Library@adlx\FRONT_BRAKE_CLUSTER_SPEED_CHECK.blkx
TVSM_Library,BREAKLAMP,MainLibrary.Serial,REAR_BRAKE_CLUSTER_SPEED_CHECK,{F1310455-DFD7-48D1-B25D-0BF041CC498B},TVSM_Library@adlx\REAR_BRAKE_CLUSTER_SPEED_CHECK.blkx
TVSM_Library,ODOMETER,MainLibrary.Serial,STEP_PRECONDITION_ODOMETER,{323B3D98-ABA5-4A44-99F5-4223E3776240},TVSM_Library@adlx\STEP_PRECONDITION_ODOMETER.blkx
TVSM_Library,ODOMETER,MainLibrary.Serial,STEP_POSTCONDITION_ODOMETER,{934FC0C2-0516-4F6F-8646-382F27E6DC79},TVSM_Library@adlx\STEP_POSTCONDITION_ODOMETER.blkx
TVSM_Library,TC,MainLibrary.Serial,STEP_PRECONDITION_TC,{CB07A533-4C2E-4A4E-B5BE-ED8C9690F393},TVSM_Library@adlx\STEP_PRECONDITION_TC.blkx
TVSM_Library,TC,MainLibrary.Serial,STEP_PRECONDITION_TC1,{991F5999-5BAB-4F2C-BCE7-78091D28CDB5},TVSM_Library@adlx\STEP_PRECONDITION_TC1.blkx
TVSM_Library,TC,MainLibrary.Serial,STEP_POSTCONDITION_TC,{DD4870E4-E5D9-41EC-B93A-774142B3BC2A},TVSM_Library@adlx\STEP_POSTCONDITION_TC.blkx
TVSM_Library,TC,MainLibrary.Serial,STEP_POSTCONDITION_TC1,{90FFBCF3-72FB-4115-9CEF-123FA30085AC},TVSM_Library@adlx\STEP_POSTCONDITION_TC1.blkx
TVSM_Library,BATTERY,MainLibrary.Serial,STEP_PRECONDITION_BATTERY,{47041834-6781-46E6-ADA1-3819FDC6874E},TVSM_Library@adlx\STEP_PRECONDITION_BATTERY.blkx
TVSM_Library,BATTERY,MainLibrary.Serial,STEP_POSTCONDITION_BATTERY,{10B8A83E-8628-4948-BAE3-7C2AB1958D23},TVSM_Library@adlx\STEP_POSTCONDITION_BATTERY.blkx
